prompt_key,cell_id,model,taxonomic_level,familiarity,dispute_block,genus,family,order,ioc_count,authority_min,authority_max,authority_spread,ioc_genus,ioc_family,ioc_order,p10,p50,p90,interval_width,relative_interval_width,covers_authority_span,ioc_in_interval,confidence,crps,crps_relative,mean_pinball_loss,median_abs_error,median_abs_error_relative,signed_error_relative,latency_ms
accipiter_accipitridae_genus,accipiter_accipitridae,claude-opus-4-8,genus,well_known,disputed,Accipiter,Accipitridae,Accipitriformes,9.0,6,9,3,9,254,263,12.0,40.0,52.0,40.0,4.444444444444445,False,False,0.4,7.5,0.8333333333333334,7.5,31.0,3.4444444444444446,3.4444444444444446,5738.624299992807
amazona_psittacidae_genus,amazona_psittacidae,claude-opus-4-8,genus,well_known,disputed,Amazona,Psittacidae,Psittaciformes,32.0,30,32,2,32,181,409,30.0,33.0,37.0,7.0,0.21875,True,True,0.5,0.3999999999999999,0.012499999999999997,0.3999999999999999,1.0,0.03125,0.03125,5502.016099984758
anas_anatidae_genus,anas_anatidae,claude-opus-4-8,genus,well_known,disputed,Anas,Anatidae,Anseriformes,32.0,26,32,6,32,174,178,12.0,31.0,46.0,34.0,1.0625,True,True,0.4,1.2999999999999998,0.040624999999999994,1.2999999999999998,1.0,0.03125,-0.03125,5850.320500030648
aptenodytes_spheniscidae_genus,aptenodytes_spheniscidae,claude-opus-4-8,genus,well_known,undisputed,Aptenodytes,Spheniscidae,Sphenisciformes,2.0,2,2,0,2,19,19,2.0,2.0,3.0,1.0,0.5,True,True,0.85,0.033333333333333326,0.016666666666666663,0.033333333333333326,0.0,0.0,0.0,5188.512499968056
archilochus_trochilidae_genus,archilochus_trochilidae,claude-opus-4-8,genus,well_known,undisputed,Archilochus,Trochilidae,Apodiformes,2.0,2,2,0,2,366,478,2.0,2.0,3.0,1.0,0.5,True,True,0.85,0.033333333333333326,0.016666666666666663,0.033333333333333326,0.0,0.0,0.0,5142.306699999608
bolborhynchus_psittacidae_genus,bolborhynchus_psittacidae,claude-opus-4-8,genus,obscure,undisputed,Bolborhynchus,Psittacidae,Psittaciformes,3.0,3,3,0,3,181,409,3.0,4.0,5.0,2.0,0.6666666666666666,True,True,0.5,0.2333333333333333,0.07777777777777777,0.2333333333333333,1.0,0.3333333333333333,0.3333333333333333,6241.914400015958
bubo_strigidae_genus,bubo_strigidae,claude-opus-4-8,genus,well_known,disputed,Bubo,Strigidae,Strigiformes,12.0,7,12,5,12,236,256,18.0,20.0,25.0,7.0,0.5833333333333334,False,False,0.5,3.5666666666666664,0.2972222222222222,3.5666666666666664,8.0,0.6666666666666666,0.6666666666666666,3788.1573000340723
carpodacus_fringillidae_genus,carpodacus_fringillidae,claude-opus-4-8,genus,obscure,disputed,Carpodacus,Fringillidae,Passeriformes,28.0,26,28,2,28,238,6758,24.0,28.0,34.0,10.0,0.35714285714285715,True,True,0.5,0.3333333333333333,0.011904761904761904,0.3333333333333333,0.0,0.0,0.0,3807.217200053856
chaetocercus_trochilidae_genus,chaetocercus_trochilidae,claude-opus-4-8,genus,obscure,undisputed,Chaetocercus,Trochilidae,Apodiformes,6.0,6,6,0,6,366,478,6.0,6.0,8.0,2.0,0.3333333333333333,True,True,0.6,0.06666666666666665,0.011111111111111108,0.06666666666666665,0.0,0.0,0.0,5024.0529999719
claravis_columbidae_genus,claravis_columbidae,claude-opus-4-8,genus,obscure,undisputed,Claravis,Columbidae,Columbiformes,1.0,1,1,0,1,352,352,2.0,3.0,3.0,1.0,1.0,False,False,0.6,0.6999999999999998,0.6999999999999998,0.6999999999999998,2.0,2.0,2.0,4220.398000034038
columba_columbidae_genus,columba_columbidae,claude-opus-4-8,genus,well_known,undisputed,Columba,Columbidae,Columbiformes,34.0,34,34,0,34,352,352,30.0,35.0,42.0,12.0,0.35294117647058826,True,True,0.5,0.5666666666666665,0.016666666666666663,0.5666666666666665,1.0,0.029411764705882353,0.029411764705882353,4077.731999976095
corvus_corvidae_genus,corvus_corvidae,claude-opus-4-8,genus,well_known,disputed,Corvus,Corvidae,Passeriformes,50.0,41,50,9,50,138,6758,42.0,46.0,51.0,9.0,0.18,False,True,0.6,0.9666666666666667,0.019333333333333334,0.9666666666666667,4.0,0.08,-0.08,3910.782899998594
erythropitta_pittidae_genus,erythropitta_pittidae,claude-opus-4-8,genus,obscure,disputed,Erythropitta,Pittidae,Passeriformes,13.0,5,13,8,13,46,6758,8.0,12.0,16.0,8.0,0.6153846153846154,False,True,0.4,0.4333333333333333,0.03333333333333333,0.4333333333333333,1.0,0.07692307692307693,-0.07692307692307693,4898.58280000044
eudyptula_spheniscidae_genus,eudyptula_spheniscidae,claude-opus-4-8,genus,obscure,undisputed,Eudyptula,Spheniscidae,Sphenisciformes,1.0,1,1,0,1,19,19,1.0,2.0,2.0,1.0,1.0,True,True,0.6,0.19999999999999998,0.19999999999999998,0.19999999999999998,1.0,1.0,1.0,3886.7246999870986
falco_falconidae_genus,falco_falconidae,claude-opus-4-8,genus,well_known,disputed,Falco,Falconidae,Falconiformes,39.0,38,39,1,39,65,65,37.0,40.0,46.0,9.0,0.23076923076923078,True,True,0.6,0.4666666666666666,0.011965811965811965,0.4666666666666666,1.0,0.02564102564102564,0.02564102564102564,4953.478000010364
family_accipitridae,accipiter_accipitridae,claude-opus-4-8,family,,disputed,Accipiter,Accipitridae,Accipitriformes,254.0,241,254,13,9,254,263,245.0,255.0,270.0,25.0,0.0984251968503937,False,True,0.6,0.9999999999999999,0.003937007874015748,0.9999999999999999,1.0,0.003937007874015748,0.003937007874015748,4856.817799969576
family_alcidae,fratercula_alcidae,claude-opus-4-8,family,,undisputed,Fratercula,Alcidae,Charadriiformes,25.0,25,25,0,3,25,394,23.0,24.0,26.0,3.0,0.12,True,True,0.7,0.26666666666666666,0.010666666666666666,0.26666666666666666,1.0,0.04,-0.04,5157.29270002339
family_anatidae,anas_anatidae,claude-opus-4-8,family,,disputed,Anas,Anatidae,Anseriformes,174.0,162,174,12,32,174,178,150.0,174.0,180.0,30.0,0.1724137931034483,True,True,0.6,1.0,0.005747126436781609,1.0,0.0,0.0,0.0,4860.856599989347
family_columbidae,columba_columbidae,claude-opus-4-8,family,,disputed,Columba,Columbidae,Columbiformes,352.0,316,352,36,34,352,352,320.0,344.0,360.0,40.0,0.11363636363636363,False,True,0.6,2.6666666666666665,0.007575757575757575,2.6666666666666665,8.0,0.022727272727272728,-0.022727272727272728,5121.421699994244
family_corvidae,corvus_corvidae,claude-opus-4-8,family,,disputed,Corvus,Corvidae,Passeriformes,138.0,123,138,15,50,138,6758,120.0,133.0,145.0,25.0,0.18115942028985507,True,True,0.6,1.6666666666666667,0.012077294685990338,1.6666666666666667,5.0,0.036231884057971016,-0.036231884057971016,5139.874099986628
family_falconidae,falco_falconidae,claude-opus-4-8,family,,disputed,Falco,Falconidae,Falconiformes,65.0,64,65,1,39,65,65,63.0,66.0,70.0,7.0,0.1076923076923077,True,True,0.6,0.3999999999999999,0.006153846153846152,0.3999999999999999,1.0,0.015384615384615385,0.015384615384615385,5542.182400007732
family_fringillidae,fringilla_fringillidae,claude-opus-4-8,family,,disputed,Fringilla,Fringillidae,Passeriformes,238.0,220,238,18,8,238,6758,200.0,235.0,260.0,60.0,0.25210084033613445,True,True,0.55,2.5,0.01050420168067227,2.5,3.0,0.012605042016806723,-0.012605042016806723,5538.898999977391
family_phasianidae,pavo_phasianidae,claude-opus-4-8,family,,disputed,Pavo,Phasianidae,Galliformes,187.0,178,187,9,2,187,307,180.0,185.0,200.0,20.0,0.10695187165775401,False,True,0.5,1.0,0.0053475935828877,1.0,2.0,0.0106951871657754,-0.0106951871657754,5101.425600005314
family_pittidae,pitta_pittidae,claude-opus-4-8,family,,disputed,Pitta,Pittidae,Passeriformes,46.0,29,46,17,20,46,6758,30.0,42.0,50.0,20.0,0.43478260869565216,False,True,0.5,1.3333333333333333,0.02898550724637681,1.3333333333333333,4.0,0.08695652173913043,-0.08695652173913043,5753.829299996141
family_psittacidae,amazona_psittacidae,claude-opus-4-8,family,,disputed,Amazona,Psittacidae,Psittaciformes,181.0,167,181,14,32,181,409,150.0,180.0,400.0,250.0,1.3812154696132597,True,True,0.35,8.499999999999998,0.04696132596685082,8.499999999999998,1.0,0.0055248618784530384,-0.0055248618784530384,9335.963599965908
family_ramphastidae,ramphastos_ramphastidae,claude-opus-4-8,family,,disputed,Ramphastos,Ramphastidae,Piciformes,38.0,34,38,4,8,38,444,35.0,43.0,50.0,15.0,0.39473684210526316,False,True,0.5,1.3333333333333333,0.03508771929824561,1.3333333333333333,5.0,0.13157894736842105,0.13157894736842105,5853.038200002629
family_spheniscidae,aptenodytes_spheniscidae,claude-opus-4-8,family,,disputed,Aptenodytes,Spheniscidae,Sphenisciformes,19.0,16,19,3,2,19,19,17.0,18.0,20.0,3.0,0.15789473684210525,False,True,0.75,0.26666666666666666,0.014035087719298246,0.26666666666666666,1.0,0.05263157894736842,-0.05263157894736842,5129.933800024446
family_strigidae,bubo_strigidae,claude-opus-4-8,family,,disputed,Bubo,Strigidae,Strigiformes,236.0,196,236,40,12,236,256,210.0,240.0,265.0,55.0,0.2330508474576271,False,True,0.6,2.4999999999999996,0.010593220338983049,2.4999999999999996,4.0,0.01694915254237288,0.01694915254237288,5518.157499958761
family_trochilidae,archilochus_trochilidae,claude-opus-4-8,family,,disputed,Archilochus,Trochilidae,Apodiformes,366.0,335,366,31,2,366,478,330.0,360.0,370.0,40.0,0.1092896174863388,True,True,0.7,2.3333333333333335,0.006375227686703097,2.3333333333333335,6.0,0.01639344262295082,-0.01639344262295082,4844.328399980441
fratercula_alcidae_genus,fratercula_alcidae,claude-opus-4-8,genus,well_known,undisputed,Fratercula,Alcidae,Charadriiformes,3.0,3,3,0,3,25,394,3.0,3.0,4.0,1.0,0.3333333333333333,True,True,0.85,0.033333333333333326,0.011111111111111108,0.033333333333333326,0.0,0.0,0.0,4375.719300005585
fringilla_fringillidae_genus,fringilla_fringillidae,claude-opus-4-8,genus,well_known,disputed,Fringilla,Fringillidae,Passeriformes,8.0,3,8,5,8,238,6758,3.0,4.0,4.0,1.0,0.125,False,False,0.7,2.033333333333333,0.25416666666666665,2.033333333333333,4.0,0.5,-0.5,3798.384999972768
ithaginis_phasianidae_genus,ithaginis_phasianidae,claude-opus-4-8,genus,obscure,undisputed,Ithaginis,Phasianidae,Galliformes,1.0,1,1,0,1,187,307,1.0,1.0,2.0,1.0,1.0,True,True,0.75,0.033333333333333326,0.033333333333333326,0.033333333333333326,0.0,0.0,0.0,2969.254900002852
microhierax_falconidae_genus,microhierax_falconidae,claude-opus-4-8,genus,obscure,undisputed,Microhierax,Falconidae,Falconiformes,5.0,5,5,0,5,65,65,5.0,5.0,6.0,1.0,0.2,True,True,0.7,0.033333333333333326,0.006666666666666665,0.033333333333333326,0.0,0.0,0.0,4415.1462999871
nucifraga_corvidae_genus,nucifraga_corvidae,claude-opus-4-8,genus,obscure,disputed,Nucifraga,Corvidae,Passeriformes,4.0,2,4,2,4,138,6758,2.0,3.0,4.0,2.0,0.5,True,True,0.6,0.2333333333333333,0.05833333333333333,0.2333333333333333,1.0,0.25,-0.25,4069.925800024066
order_accipitriformes,accipiter_accipitridae,claude-opus-4-8,order,,disputed,Accipiter,Accipitridae,Accipitriformes,263.0,250,263,13,9,254,263,240.0,265.0,290.0,50.0,0.19011406844106463,True,True,0.6,2.0,0.0076045627376425855,2.0,2.0,0.0076045627376425855,0.0076045627376425855,3763.0514999618754
order_anseriformes,anas_anatidae,claude-opus-4-8,order,,disputed,Anas,Anatidae,Anseriformes,178.0,166,178,12,32,174,178,175.0,180.0,185.0,10.0,0.056179775280898875,False,True,0.5,0.6666666666666666,0.0037453183520599247,0.6666666666666666,2.0,0.011235955056179775,0.011235955056179775,3289.6008999668993
order_apodiformes,archilochus_trochilidae,claude-opus-4-8,order,,disputed,Archilochus,Trochilidae,Apodiformes,478.0,432,478,46,2,366,478,450.0,470.0,490.0,40.0,0.08368200836820083,False,True,0.6,2.6666666666666665,0.005578800557880056,2.6666666666666665,8.0,0.016736401673640166,-0.016736401673640166,4440.417299978435
order_charadriiformes,fratercula_alcidae,claude-opus-4-8,order,,disputed,Fratercula,Alcidae,Charadriiformes,394.0,374,394,20,3,25,394,350.0,390.0,420.0,70.0,0.17766497461928935,True,True,0.5,3.0,0.007614213197969543,3.0,4.0,0.01015228426395939,-0.01015228426395939,3582.876699976623
order_columbiformes,columba_columbidae,claude-opus-4-8,order,,disputed,Columba,Columbidae,Columbiformes,352.0,316,352,36,34,352,352,320.0,350.0,380.0,60.0,0.17045454545454544,False,True,0.6,2.3333333333333335,0.006628787878787879,2.3333333333333335,2.0,0.005681818181818182,-0.005681818181818182,3369.290800008457
order_falconiformes,falco_falconidae,claude-opus-4-8,order,,disputed,Falco,Falconidae,Falconiformes,65.0,64,65,1,39,65,65,60.0,66.0,75.0,15.0,0.23076923076923078,True,True,0.5,0.6666666666666666,0.010256410256410256,0.6666666666666666,1.0,0.015384615384615385,0.015384615384615385,4366.897300002165
order_galliformes,pavo_phasianidae,claude-opus-4-8,order,,disputed,Pavo,Phasianidae,Galliformes,307.0,292,307,15,2,187,307,250.0,295.0,340.0,90.0,0.2931596091205212,True,True,0.5,4.999999999999999,0.016286644951140062,4.999999999999999,12.0,0.03908794788273615,-0.03908794788273615,4340.321100025903
order_passeriformes,corvus_corvidae,claude-opus-4-8,order,,disputed,Corvus,Corvidae,Passeriformes,6758.0,6020,6758,738,50,138,6758,5800.0,6400.0,6800.0,1000.0,0.1479727730097662,True,True,0.6,93.0,0.013761467889908258,93.0,358.0,0.0529742527374963,-0.0529742527374963,5051.099999982398
order_piciformes,ramphastos_ramphastidae,claude-opus-4-8,order,,disputed,Ramphastos,Ramphastidae,Piciformes,444.0,406,444,38,8,38,444,400.0,450.0,520.0,120.0,0.2702702702702703,True,True,0.5,4.999999999999999,0.011261261261261259,4.999999999999999,6.0,0.013513513513513514,0.013513513513513514,5270.161799970083
order_psittaciformes,amazona_psittacidae,claude-opus-4-8,order,,disputed,Amazona,Psittacidae,Psittaciformes,409.0,379,409,30,32,181,409,370.0,398.0,430.0,60.0,0.1466992665036675,True,True,0.5,3.8333333333333335,0.009372453137734311,3.8333333333333335,11.0,0.02689486552567237,-0.02689486552567237,3553.3090999815613
order_sphenisciformes,aptenodytes_spheniscidae,claude-opus-4-8,order,,disputed,Aptenodytes,Spheniscidae,Sphenisciformes,19.0,16,19,3,2,19,19,17.0,18.0,20.0,3.0,0.15789473684210525,False,True,0.7,0.26666666666666666,0.014035087719298246,0.26666666666666666,1.0,0.05263157894736842,-0.05263157894736842,2891.8639000039548
order_strigiformes,bubo_strigidae,claude-opus-4-8,order,,disputed,Bubo,Strigidae,Strigiformes,256.0,214,256,42,12,236,256,200.0,250.0,270.0,70.0,0.2734375,True,True,0.6,3.333333333333334,0.013020833333333336,3.333333333333334,6.0,0.0234375,-0.0234375,4052.721099986229
pavo_phasianidae_genus,pavo_phasianidae,claude-opus-4-8,genus,well_known,undisputed,Pavo,Phasianidae,Galliformes,2.0,2,2,0,2,187,307,2.0,2.0,3.0,1.0,0.5,True,True,0.85,0.033333333333333326,0.016666666666666663,0.033333333333333326,0.0,0.0,0.0,3845.308299991302
pitta_pittidae_genus,pitta_pittidae,claude-opus-4-8,genus,well_known,disputed,Pitta,Pittidae,Passeriformes,20.0,13,20,7,20,46,6758,6.0,12.0,20.0,14.0,0.7,True,True,0.5,1.8,0.09,1.8,8.0,0.4,-0.4,4502.801599970553
ramphastos_ramphastidae_genus,ramphastos_ramphastidae,claude-opus-4-8,genus,well_known,disputed,Ramphastos,Ramphastidae,Piciformes,8.0,7,8,1,8,38,444,6.0,8.0,9.0,3.0,0.375,True,True,0.6,0.09999999999999999,0.012499999999999999,0.09999999999999999,0.0,0.0,0.0,6593.228499987163
sarkidiornis_anatidae_genus,sarkidiornis_anatidae,claude-opus-4-8,genus,obscure,disputed,Sarkidiornis,Anatidae,Anseriformes,2.0,1,2,1,2,174,178,2.0,2.0,2.0,0.0,0.0,False,True,0.75,0.0,0.0,0.0,0.0,0.0,0.0,4065.6513000139967
selenidera_ramphastidae_genus,selenidera_ramphastidae,claude-opus-4-8,genus,obscure,undisputed,Selenidera,Ramphastidae,Piciformes,6.0,6,6,0,6,38,444,6.0,6.0,7.0,1.0,0.16666666666666666,True,True,0.75,0.033333333333333326,0.005555555555555554,0.033333333333333326,0.0,0.0,0.0,3410.017499991227
synthliboramphus_alcidae_genus,synthliboramphus_alcidae,claude-opus-4-8,genus,obscure,undisputed,Synthliboramphus,Alcidae,Charadriiformes,5.0,5,5,0,5,25,394,4.0,5.0,6.0,2.0,0.4,True,True,0.6,0.06666666666666667,0.013333333333333332,0.06666666666666667,0.0,0.0,0.0,3395.680799963884
urotriorchis_accipitridae_genus,urotriorchis_accipitridae,claude-opus-4-8,genus,obscure,undisputed,Urotriorchis,Accipitridae,Accipitriformes,1.0,1,1,0,1,254,263,1.0,1.0,1.0,0.0,0.0,True,True,0.9,0.0,0.0,0.0,0.0,0.0,0.0,2541.9671999989077
xenoglaux_strigidae_genus,xenoglaux_strigidae,claude-opus-4-8,genus,obscure,undisputed,Xenoglaux,Strigidae,Strigiformes,1.0,1,1,0,1,236,256,1.0,1.0,1.0,0.0,0.0,True,True,0.95,0.0,0.0,0.0,0.0,0.0,0.0,2989.477499970235
accipiter_accipitridae_genus,accipiter_accipitridae,claude-sonnet-4-6,genus,well_known,disputed,Accipiter,Accipitridae,Accipitriformes,9.0,6,9,3,9,254,263,48.0,52.0,58.0,10.0,1.1111111111111112,False,False,0.65,20.5,2.2777777777777777,20.5,43.0,4.777777777777778,4.777777777777778,4072.383099992294
amazona_psittacidae_genus,amazona_psittacidae,claude-sonnet-4-6,genus,well_known,disputed,Amazona,Psittacidae,Psittaciformes,32.0,30,32,2,32,181,409,28.0,31.0,35.0,7.0,0.21875,True,True,0.7,0.39999999999999997,0.012499999999999999,0.39999999999999997,1.0,0.03125,-0.03125,5160.052400024142
anas_anatidae_genus,anas_anatidae,claude-sonnet-4-6,genus,well_known,disputed,Anas,Anatidae,Anseriformes,32.0,26,32,6,32,174,178,14.0,18.0,26.0,12.0,0.375,False,False,0.5,4.733333333333333,0.14791666666666667,4.733333333333333,14.0,0.4375,-0.4375,5122.609100013506
aptenodytes_spheniscidae_genus,aptenodytes_spheniscidae,claude-sonnet-4-6,genus,well_known,undisputed,Aptenodytes,Spheniscidae,Sphenisciformes,2.0,2,2,0,2,19,19,2.0,2.0,2.0,0.0,0.0,True,True,0.98,0.0,0.0,0.0,0.0,0.0,0.0,3320.543500012718
archilochus_trochilidae_genus,archilochus_trochilidae,claude-sonnet-4-6,genus,well_known,undisputed,Archilochus,Trochilidae,Apodiformes,2.0,2,2,0,2,366,478,2.0,2.0,2.0,0.0,0.0,True,True,0.95,0.0,0.0,0.0,0.0,0.0,0.0,3825.35800000187
bolborhynchus_psittacidae_genus,bolborhynchus_psittacidae,claude-sonnet-4-6,genus,obscure,undisputed,Bolborhynchus,Psittacidae,Psittaciformes,3.0,3,3,0,3,181,409,4.0,5.0,7.0,3.0,1.0,False,False,0.6,0.7666666666666666,0.25555555555555554,0.7666666666666666,2.0,0.6666666666666666,0.6666666666666666,5509.156099986285
bubo_strigidae_genus,bubo_strigidae,claude-sonnet-4-6,genus,well_known,disputed,Bubo,Strigidae,Strigiformes,12.0,7,12,5,12,236,256,18.0,20.0,23.0,5.0,0.4166666666666667,False,False,0.7,3.5,0.2916666666666667,3.5,8.0,0.6666666666666666,0.6666666666666666,4296.276199980639
carpodacus_fringillidae_genus,carpodacus_fringillidae,claude-sonnet-4-6,genus,obscure,disputed,Carpodacus,Fringillidae,Passeriformes,28.0,26,28,2,28,238,6758,20.0,27.0,35.0,15.0,0.5357142857142857,True,True,0.55,0.6666666666666666,0.023809523809523808,0.6666666666666666,1.0,0.03571428571428571,-0.03571428571428571,4208.813300007023
chaetocercus_trochilidae_genus,chaetocercus_trochilidae,claude-sonnet-4-6,genus,obscure,undisputed,Chaetocercus,Trochilidae,Apodiformes,6.0,6,6,0,6,366,478,5.0,7.0,8.0,3.0,0.5,True,True,0.7,0.26666666666666666,0.044444444444444446,0.26666666666666666,1.0,0.16666666666666666,0.16666666666666666,4610.023299988825
claravis_columbidae_genus,claravis_columbidae,claude-sonnet-4-6,genus,obscure,undisputed,Claravis,Columbidae,Columbiformes,1.0,1,1,0,1,352,352,3.0,3.0,4.0,1.0,1.0,False,False,0.75,1.0333333333333332,1.0333333333333332,1.0333333333333332,2.0,2.0,2.0,4607.029400009196
columba_columbidae_genus,columba_columbidae,claude-sonnet-4-6,genus,well_known,undisputed,Columba,Columbidae,Columbiformes,34.0,34,34,0,34,352,352,33.0,36.0,40.0,7.0,0.20588235294117646,True,True,0.65,0.5666666666666667,0.016666666666666666,0.5666666666666667,2.0,0.058823529411764705,0.058823529411764705,4534.470699960366
corvus_corvidae_genus,corvus_corvidae,claude-sonnet-4-6,genus,well_known,disputed,Corvus,Corvidae,Passeriformes,50.0,41,50,9,50,138,6758,40.0,45.0,50.0,10.0,0.2,True,True,0.65,1.1666666666666667,0.023333333333333334,1.1666666666666667,5.0,0.1,-0.1,4224.219799973071
erythropitta_pittidae_genus,erythropitta_pittidae,claude-sonnet-4-6,genus,obscure,disputed,Erythropitta,Pittidae,Passeriformes,13.0,5,13,8,13,46,6758,9.0,11.0,13.0,4.0,0.3076923076923077,False,True,0.6,0.4666666666666666,0.035897435897435895,0.4666666666666666,2.0,0.15384615384615385,-0.15384615384615385,5914.665100048296
eudyptula_spheniscidae_genus,eudyptula_spheniscidae,claude-sonnet-4-6,genus,obscure,undisputed,Eudyptula,Spheniscidae,Sphenisciformes,1.0,1,1,0,1,19,19,2.0,2.0,3.0,1.0,1.0,False,False,0.75,0.5333333333333333,0.5333333333333333,0.5333333333333333,1.0,1.0,1.0,4025.5588999716565
falco_falconidae_genus,falco_falconidae,claude-sonnet-4-6,genus,well_known,disputed,Falco,Falconidae,Falconiformes,39.0,38,39,1,39,65,65,37.0,40.0,43.0,6.0,0.15384615384615385,True,True,0.75,0.36666666666666664,0.009401709401709401,0.36666666666666664,1.0,0.02564102564102564,0.02564102564102564,4251.267300045583
family_accipitridae,accipiter_accipitridae,claude-sonnet-4-6,family,,disputed,Accipiter,Accipitridae,Accipitriformes,254.0,241,254,13,9,254,263,230.0,255.0,275.0,45.0,0.17716535433070865,True,True,0.7,1.6666666666666667,0.006561679790026247,1.6666666666666667,1.0,0.003937007874015748,0.003937007874015748,5136.836300021969
family_alcidae,fratercula_alcidae,claude-sonnet-4-6,family,,undisputed,Fratercula,Alcidae,Charadriiformes,25.0,25,25,0,3,25,394,22.0,23.0,25.0,3.0,0.12,True,True,0.75,0.43333333333333335,0.017333333333333333,0.43333333333333335,2.0,0.08,-0.08,5155.534600024112
family_anatidae,anas_anatidae,claude-sonnet-4-6,family,,disputed,Anas,Anatidae,Anseriformes,174.0,162,174,12,32,174,178,155.0,170.0,185.0,30.0,0.1724137931034483,True,True,0.65,1.6666666666666667,0.009578544061302683,1.6666666666666667,4.0,0.022988505747126436,-0.022988505747126436,6020.81229997566
family_columbidae,columba_columbidae,claude-sonnet-4-6,family,,disputed,Columba,Columbidae,Columbiformes,352.0,316,352,36,34,352,352,330.0,350.0,380.0,50.0,0.14204545454545456,False,True,0.7,2.0,0.005681818181818182,2.0,2.0,0.005681818181818182,-0.005681818181818182,4542.865499970503
family_corvidae,corvus_corvidae,claude-sonnet-4-6,family,,disputed,Corvus,Corvidae,Passeriformes,138.0,123,138,15,50,138,6758,120.0,133.0,145.0,25.0,0.18115942028985507,True,True,0.65,1.6666666666666667,0.012077294685990338,1.6666666666666667,5.0,0.036231884057971016,-0.036231884057971016,5093.101000005845
family_falconidae,falco_falconidae,claude-sonnet-4-6,family,,disputed,Falco,Falconidae,Falconiformes,65.0,64,65,1,39,65,65,60.0,66.0,72.0,12.0,0.18461538461538463,True,True,0.7,0.5666666666666665,0.008717948717948716,0.5666666666666665,1.0,0.015384615384615385,0.015384615384615385,5180.834800004959
family_fringillidae,fringilla_fringillidae,claude-sonnet-4-6,family,,disputed,Fringilla,Fringillidae,Passeriformes,238.0,220,238,18,8,238,6758,220.0,240.0,270.0,50.0,0.21008403361344538,True,True,0.55,1.9999999999999998,0.008403361344537815,1.9999999999999998,2.0,0.008403361344537815,0.008403361344537815,7158.203400031198
family_phasianidae,pavo_phasianidae,claude-sonnet-4-6,family,,disputed,Pavo,Phasianidae,Galliformes,187.0,178,187,9,2,187,307,170.0,185.0,200.0,30.0,0.16042780748663102,True,True,0.6,1.3333333333333333,0.0071301247771836,1.3333333333333333,2.0,0.0106951871657754,-0.0106951871657754,5102.16330003459
family_pittidae,pitta_pittidae,claude-sonnet-4-6,family,,disputed,Pitta,Pittidae,Passeriformes,46.0,29,46,17,20,46,6758,42.0,44.0,47.0,5.0,0.10869565217391304,False,True,0.7,0.5,0.010869565217391304,0.5,2.0,0.043478260869565216,-0.043478260869565216,5146.930999995675
family_psittacidae,amazona_psittacidae,claude-sonnet-4-6,family,,disputed,Amazona,Psittacidae,Psittaciformes,181.0,167,181,14,32,181,409,170.0,200.0,230.0,60.0,0.3314917127071823,False,True,0.45,5.166666666666666,0.028545119705340696,5.166666666666666,19.0,0.10497237569060773,0.10497237569060773,5094.00010004174
family_ramphastidae,ramphastos_ramphastidae,claude-sonnet-4-6,family,,disputed,Ramphastos,Ramphastidae,Piciformes,38.0,34,38,4,8,38,444,45.0,50.0,57.0,12.0,0.3157894736842105,False,False,0.7,4.733333333333333,0.12456140350877193,4.733333333333333,12.0,0.3157894736842105,0.3157894736842105,5086.823799996637
family_spheniscidae,aptenodytes_spheniscidae,claude-sonnet-4-6,family,,disputed,Aptenodytes,Spheniscidae,Sphenisciformes,19.0,16,19,3,2,19,19,17.0,18.0,20.0,3.0,0.15789473684210525,False,True,0.8,0.26666666666666666,0.014035087719298246,0.26666666666666666,1.0,0.05263157894736842,-0.05263157894736842,4724.733399983961
family_strigidae,bubo_strigidae,claude-sonnet-4-6,family,,disputed,Bubo,Strigidae,Strigiformes,236.0,196,236,40,12,236,256,220.0,240.0,260.0,40.0,0.1694915254237288,False,True,0.6,2.0,0.00847457627118644,2.0,4.0,0.01694915254237288,0.01694915254237288,5164.479800034314
family_trochilidae,archilochus_trochilidae,claude-sonnet-4-6,family,,disputed,Archilochus,Trochilidae,Apodiformes,366.0,335,366,31,2,366,478,330.0,360.0,390.0,60.0,0.16393442622950818,True,True,0.7,3.0,0.00819672131147541,3.0,6.0,0.01639344262295082,-0.01639344262295082,4993.83150000358
fratercula_alcidae_genus,fratercula_alcidae,claude-sonnet-4-6,genus,well_known,undisputed,Fratercula,Alcidae,Charadriiformes,3.0,3,3,0,3,25,394,3.0,3.0,3.0,0.0,0.0,True,True,0.97,0.0,0.0,0.0,0.0,0.0,0.0,4045.1691999915056
fringilla_fringillidae_genus,fringilla_fringillidae,claude-sonnet-4-6,genus,well_known,disputed,Fringilla,Fringillidae,Passeriformes,8.0,3,8,5,8,238,6758,3.0,4.0,6.0,3.0,0.375,False,False,0.7,1.4333333333333333,0.17916666666666667,1.4333333333333333,4.0,0.5,-0.5,5024.228200025391
ithaginis_phasianidae_genus,ithaginis_phasianidae,claude-sonnet-4-6,genus,obscure,undisputed,Ithaginis,Phasianidae,Galliformes,1.0,1,1,0,1,187,307,1.0,1.0,1.0,0.0,0.0,True,True,0.95,0.0,0.0,0.0,0.0,0.0,0.0,4409.642399987206
microhierax_falconidae_genus,microhierax_falconidae,claude-sonnet-4-6,genus,obscure,undisputed,Microhierax,Falconidae,Falconiformes,5.0,5,5,0,5,65,65,5.0,5.0,6.0,1.0,0.2,True,True,0.92,0.033333333333333326,0.006666666666666665,0.033333333333333326,0.0,0.0,0.0,4988.534400006756
nucifraga_corvidae_genus,nucifraga_corvidae,claude-sonnet-4-6,genus,obscure,disputed,Nucifraga,Corvidae,Passeriformes,4.0,2,4,2,4,138,6758,2.0,3.0,4.0,2.0,0.5,True,True,0.75,0.2333333333333333,0.05833333333333333,0.2333333333333333,1.0,0.25,-0.25,4792.448299995158
order_accipitriformes,accipiter_accipitridae,claude-sonnet-4-6,order,,disputed,Accipiter,Accipitridae,Accipitriformes,263.0,250,263,13,9,254,263,225.0,255.0,285.0,60.0,0.22813688212927757,True,True,0.6,3.3333333333333335,0.01267427122940431,3.3333333333333335,8.0,0.030418250950570342,-0.030418250950570342,4140.345599967986
order_anseriformes,anas_anatidae,claude-sonnet-4-6,order,,disputed,Anas,Anatidae,Anseriformes,178.0,166,178,12,32,174,178,155.0,170.0,185.0,30.0,0.16853932584269662,True,True,0.65,2.3333333333333335,0.013108614232209739,2.3333333333333335,8.0,0.0449438202247191,-0.0449438202247191,4886.353800015058
order_apodiformes,archilochus_trochilidae,claude-sonnet-4-6,order,,disputed,Archilochus,Trochilidae,Apodiformes,478.0,432,478,46,2,366,478,480.0,520.0,560.0,80.0,0.16736401673640167,False,False,0.6,10.333333333333334,0.021617852161785217,10.333333333333334,42.0,0.08786610878661087,0.08786610878661087,5139.119200001005
order_charadriiformes,fratercula_alcidae,claude-sonnet-4-6,order,,disputed,Fratercula,Alcidae,Charadriiformes,394.0,374,394,20,3,25,394,340.0,370.0,400.0,60.0,0.15228426395939088,True,True,0.65,6.0,0.015228426395939087,6.0,24.0,0.06091370558375635,-0.06091370558375635,5006.705399951898
order_columbiformes,columba_columbidae,claude-sonnet-4-6,order,,disputed,Columba,Columbidae,Columbiformes,352.0,316,352,36,34,352,352,330.0,350.0,380.0,50.0,0.14204545454545456,False,True,0.7,2.0,0.005681818181818182,2.0,2.0,0.005681818181818182,-0.005681818181818182,4200.758199964184
order_falconiformes,falco_falconidae,claude-sonnet-4-6,order,,disputed,Falco,Falconidae,Falconiformes,65.0,64,65,1,39,65,65,60.0,66.0,75.0,15.0,0.23076923076923078,True,True,0.65,0.6666666666666666,0.010256410256410256,0.6666666666666666,1.0,0.015384615384615385,0.015384615384615385,5021.622100030072
order_galliformes,pavo_phasianidae,claude-sonnet-4-6,order,,disputed,Pavo,Phasianidae,Galliformes,307.0,292,307,15,2,187,307,280.0,310.0,340.0,60.0,0.19543973941368079,True,True,0.65,2.5,0.008143322475570033,2.5,3.0,0.009771986970684038,0.009771986970684038,4913.603900000453
order_passeriformes,corvus_corvidae,claude-sonnet-4-6,order,,disputed,Corvus,Corvidae,Passeriformes,6758.0,6020,6758,738,50,138,6758,6200.0,6500.0,6800.0,600.0,0.08878366380585972,False,True,0.75,63.0,0.00932228469961527,63.0,258.0,0.03817697543651968,-0.03817697543651968,4595.91030003503
order_piciformes,ramphastos_ramphastidae,claude-sonnet-4-6,order,,disputed,Ramphastos,Ramphastidae,Piciformes,444.0,406,444,38,8,38,444,390.0,440.0,480.0,90.0,0.20270270270270271,True,True,0.6,3.6666666666666665,0.008258258258258258,3.6666666666666665,4.0,0.009009009009009009,-0.009009009009009009,4832.121299987193
order_psittaciformes,amazona_psittacidae,claude-sonnet-4-6,order,,disputed,Amazona,Psittacidae,Psittaciformes,409.0,379,409,30,32,181,409,370.0,398.0,430.0,60.0,0.1466992665036675,True,True,0.65,3.8333333333333335,0.009372453137734311,3.8333333333333335,11.0,0.02689486552567237,-0.02689486552567237,4539.54100003466
order_sphenisciformes,aptenodytes_spheniscidae,claude-sonnet-4-6,order,,disputed,Aptenodytes,Spheniscidae,Sphenisciformes,19.0,16,19,3,2,19,19,17.0,18.0,20.0,3.0,0.15789473684210525,False,True,0.82,0.26666666666666666,0.014035087719298246,0.26666666666666666,1.0,0.05263157894736842,-0.05263157894736842,5736.979800043628
order_strigiformes,bubo_strigidae,claude-sonnet-4-6,order,,disputed,Bubo,Strigidae,Strigiformes,256.0,214,256,42,12,236,256,220.0,250.0,280.0,60.0,0.234375,False,True,0.65,3.0,0.01171875,3.0,6.0,0.0234375,-0.0234375,4590.623399999458
pavo_phasianidae_genus,pavo_phasianidae,claude-sonnet-4-6,genus,well_known,undisputed,Pavo,Phasianidae,Galliformes,2.0,2,2,0,2,187,307,2.0,2.0,3.0,1.0,0.5,True,True,0.92,0.033333333333333326,0.016666666666666663,0.033333333333333326,0.0,0.0,0.0,5000.709799991455
pitta_pittidae_genus,pitta_pittidae,claude-sonnet-4-6,genus,well_known,disputed,Pitta,Pittidae,Passeriformes,20.0,13,20,7,20,46,6758,30.0,33.0,38.0,8.0,0.4,False,False,0.6,5.766666666666667,0.28833333333333333,5.766666666666667,13.0,0.65,0.65,5611.590899992734
ramphastos_ramphastidae_genus,ramphastos_ramphastidae,claude-sonnet-4-6,genus,well_known,disputed,Ramphastos,Ramphastidae,Piciformes,8.0,7,8,1,8,38,444,9.0,10.0,12.0,3.0,0.375,False,False,0.72,0.7666666666666666,0.09583333333333333,0.7666666666666666,2.0,0.25,0.25,7973.57919998467
sarkidiornis_anatidae_genus,sarkidiornis_anatidae,claude-sonnet-4-6,genus,obscure,disputed,Sarkidiornis,Anatidae,Anseriformes,2.0,1,2,1,2,174,178,2.0,2.0,2.0,0.0,0.0,False,True,0.85,0.0,0.0,0.0,0.0,0.0,0.0,4658.004600030836
selenidera_ramphastidae_genus,selenidera_ramphastidae,claude-sonnet-4-6,genus,obscure,undisputed,Selenidera,Ramphastidae,Piciformes,6.0,6,6,0,6,38,444,6.0,7.0,8.0,2.0,0.3333333333333333,True,True,0.75,0.2333333333333333,0.03888888888888888,0.2333333333333333,1.0,0.16666666666666666,0.16666666666666666,3746.8377000186592
synthliboramphus_alcidae_genus,synthliboramphus_alcidae,claude-sonnet-4-6,genus,obscure,undisputed,Synthliboramphus,Alcidae,Charadriiformes,5.0,5,5,0,5,25,394,4.0,5.0,6.0,2.0,0.4,True,True,0.75,0.06666666666666667,0.013333333333333332,0.06666666666666667,0.0,0.0,0.0,3706.8334000068717
urotriorchis_accipitridae_genus,urotriorchis_accipitridae,claude-sonnet-4-6,genus,obscure,undisputed,Urotriorchis,Accipitridae,Accipitriformes,1.0,1,1,0,1,254,263,1.0,1.0,1.0,0.0,0.0,True,True,0.92,0.0,0.0,0.0,0.0,0.0,0.0,3635.122500010766
xenoglaux_strigidae_genus,xenoglaux_strigidae,claude-sonnet-4-6,genus,obscure,undisputed,Xenoglaux,Strigidae,Strigiformes,1.0,1,1,0,1,236,256,1.0,1.0,1.0,0.0,0.0,True,True,0.97,0.0,0.0,0.0,0.0,0.0,0.0,3795.6157000153325
accipiter_accipitridae_genus,accipiter_accipitridae,claude-sonnet-5,genus,well_known,disputed,Accipiter,Accipitridae,Accipitriformes,9.0,6,9,3,9,254,263,45.0,50.0,55.0,10.0,1.1111111111111112,False,False,0.6,19.166666666666668,2.1296296296296298,19.166666666666668,41.0,4.555555555555555,4.555555555555555,5151.168600015808
amazona_psittacidae_genus,amazona_psittacidae,claude-sonnet-5,genus,well_known,disputed,Amazona,Psittacidae,Psittaciformes,32.0,30,32,2,32,181,409,30.0,35.0,38.0,8.0,0.25,True,True,0.7,0.7666666666666666,0.02395833333333333,0.7666666666666666,3.0,0.09375,0.09375,4980.8057000045665
anas_anatidae_genus,anas_anatidae,claude-sonnet-5,genus,well_known,disputed,Anas,Anatidae,Anseriformes,32.0,26,32,6,32,174,178,26.0,29.0,33.0,7.0,0.21875,True,True,0.6,0.7333333333333334,0.02291666666666667,0.7333333333333334,3.0,0.09375,-0.09375,4061.5232999552973
aptenodytes_spheniscidae_genus,aptenodytes_spheniscidae,claude-sonnet-5,genus,well_known,undisputed,Aptenodytes,Spheniscidae,Sphenisciformes,2.0,2,2,0,2,19,19,2.0,2.0,2.0,0.0,0.0,True,True,0.95,0.0,0.0,0.0,0.0,0.0,0.0,4058.881599979941
archilochus_trochilidae_genus,archilochus_trochilidae,claude-sonnet-5,genus,well_known,undisputed,Archilochus,Trochilidae,Apodiformes,2.0,2,2,0,2,366,478,2.0,2.0,2.0,0.0,0.0,True,True,0.95,0.0,0.0,0.0,0.0,0.0,0.0,4813.019499997608
bolborhynchus_psittacidae_genus,bolborhynchus_psittacidae,claude-sonnet-5,genus,obscure,undisputed,Bolborhynchus,Psittacidae,Psittaciformes,3.0,3,3,0,3,181,409,3.0,3.0,4.0,1.0,0.3333333333333333,True,True,0.7,0.033333333333333326,0.011111111111111108,0.033333333333333326,0.0,0.0,0.0,5163.0371999926865
bubo_strigidae_genus,bubo_strigidae,claude-sonnet-5,genus,well_known,disputed,Bubo,Strigidae,Strigiformes,12.0,7,12,5,12,236,256,12.0,18.0,25.0,13.0,1.0833333333333333,False,True,0.6,1.4333333333333333,0.11944444444444445,1.4333333333333333,6.0,0.5,0.5,5561.742799996864
carpodacus_fringillidae_genus,carpodacus_fringillidae,claude-sonnet-5,genus,obscure,disputed,Carpodacus,Fringillidae,Passeriformes,28.0,26,28,2,28,238,6758,20.0,26.0,32.0,12.0,0.42857142857142855,True,True,0.6,0.7333333333333334,0.02619047619047619,0.7333333333333334,2.0,0.07142857142857142,-0.07142857142857142,7799.456399981864
chaetocercus_trochilidae_genus,chaetocercus_trochilidae,claude-sonnet-5,genus,obscure,undisputed,Chaetocercus,Trochilidae,Apodiformes,6.0,6,6,0,6,366,478,5.0,6.0,7.0,2.0,0.3333333333333333,True,True,0.7,0.06666666666666667,0.011111111111111112,0.06666666666666667,0.0,0.0,0.0,3995.5598000087775
claravis_columbidae_genus,claravis_columbidae,claude-sonnet-5,genus,obscure,undisputed,Claravis,Columbidae,Columbiformes,1.0,1,1,0,1,352,352,1.0,1.0,2.0,1.0,1.0,True,True,0.7,0.033333333333333326,0.033333333333333326,0.033333333333333326,0.0,0.0,0.0,5757.766700000502
columba_columbidae_genus,columba_columbidae,claude-sonnet-5,genus,well_known,undisputed,Columba,Columbidae,Columbiformes,34.0,34,34,0,34,352,352,30.0,35.0,40.0,10.0,0.29411764705882354,True,True,0.6,0.5,0.014705882352941176,0.5,1.0,0.029411764705882353,0.029411764705882353,3722.97460003756
corvus_corvidae_genus,corvus_corvidae,claude-sonnet-5,genus,well_known,disputed,Corvus,Corvidae,Passeriformes,50.0,41,50,9,50,138,6758,40.0,45.0,50.0,10.0,0.2,True,True,0.7,1.1666666666666667,0.023333333333333334,1.1666666666666667,5.0,0.1,-0.1,3866.807299957145
erythropitta_pittidae_genus,erythropitta_pittidae,claude-sonnet-5,genus,obscure,disputed,Erythropitta,Pittidae,Passeriformes,13.0,5,13,8,13,46,6758,13.0,15.0,17.0,4.0,0.3076923076923077,False,True,0.6,0.4666666666666666,0.035897435897435895,0.4666666666666666,2.0,0.15384615384615385,0.15384615384615385,4437.592500005849
eudyptula_spheniscidae_genus,eudyptula_spheniscidae,claude-sonnet-5,genus,obscure,undisputed,Eudyptula,Spheniscidae,Sphenisciformes,1.0,1,1,0,1,19,19,1.0,1.0,2.0,1.0,1.0,True,True,0.7,0.033333333333333326,0.033333333333333326,0.033333333333333326,0.0,0.0,0.0,4306.90499994671
falco_falconidae_genus,falco_falconidae,claude-sonnet-5,genus,well_known,disputed,Falco,Falconidae,Falconiformes,39.0,38,39,1,39,65,65,37.0,40.0,42.0,5.0,0.1282051282051282,True,True,0.7,0.3333333333333333,0.008547008547008546,0.3333333333333333,1.0,0.02564102564102564,0.02564102564102564,3978.218799980823
family_accipitridae,accipiter_accipitridae,claude-sonnet-5,family,,disputed,Accipiter,Accipitridae,Accipitriformes,254.0,241,254,13,9,254,263,230.0,250.0,270.0,40.0,0.15748031496062992,True,True,0.7,2.0,0.007874015748031496,2.0,4.0,0.015748031496062992,-0.015748031496062992,3666.443799971603
family_alcidae,fratercula_alcidae,claude-sonnet-5,family,,undisputed,Fratercula,Alcidae,Charadriiformes,25.0,25,25,0,3,25,394,22.0,24.0,25.0,3.0,0.12,True,True,0.7,0.26666666666666666,0.010666666666666666,0.26666666666666666,1.0,0.04,-0.04,4979.6722999890335
family_anatidae,anas_anatidae,claude-sonnet-5,family,,disputed,Anas,Anatidae,Anseriformes,174.0,162,174,12,32,174,178,146.0,158.0,175.0,29.0,0.16666666666666666,True,True,0.6,3.6333333333333333,0.020881226053639845,3.6333333333333333,16.0,0.09195402298850575,-0.09195402298850575,3814.2573999939486
family_columbidae,columba_columbidae,claude-sonnet-5,family,,disputed,Columba,Columbidae,Columbiformes,352.0,316,352,36,34,352,352,310.0,344.0,360.0,50.0,0.14204545454545456,True,True,0.7,3.0,0.008522727272727272,3.0,8.0,0.022727272727272728,-0.022727272727272728,3555.472899985034
family_corvidae,corvus_corvidae,claude-sonnet-5,family,,disputed,Corvus,Corvidae,Passeriformes,138.0,123,138,15,50,138,6758,120.0,130.0,140.0,20.0,0.14492753623188406,True,True,0.7,2.0,0.014492753623188406,2.0,8.0,0.057971014492753624,-0.057971014492753624,4975.5457999999635
family_falconidae,falco_falconidae,claude-sonnet-5,family,,disputed,Falco,Falconidae,Falconiformes,65.0,64,65,1,39,65,65,64.0,66.0,70.0,6.0,0.09230769230769231,True,True,0.7,0.36666666666666664,0.005641025641025641,0.36666666666666664,1.0,0.015384615384615385,0.015384615384615385,8317.183399980422
family_fringillidae,fringilla_fringillidae,claude-sonnet-5,family,,disputed,Fringilla,Fringillidae,Passeriformes,238.0,220,238,18,8,238,6758,210.0,230.0,240.0,30.0,0.12605042016806722,True,True,0.6,2.3333333333333335,0.00980392156862745,2.3333333333333335,8.0,0.03361344537815126,-0.03361344537815126,5180.741399992257
family_phasianidae,pavo_phasianidae,claude-sonnet-5,family,,disputed,Pavo,Phasianidae,Galliformes,187.0,178,187,9,2,187,307,180.0,185.0,195.0,15.0,0.08021390374331551,False,True,0.6,0.8333333333333334,0.004456327985739751,0.8333333333333334,2.0,0.0106951871657754,-0.0106951871657754,5069.161000021268
family_pittidae,pitta_pittidae,claude-sonnet-5,family,,disputed,Pitta,Pittidae,Passeriformes,46.0,29,46,17,20,46,6758,34.0,42.0,45.0,11.0,0.2391304347826087,False,False,0.7,1.366666666666667,0.029710144927536236,1.366666666666667,4.0,0.08695652173913043,-0.08695652173913043,3854.6743000042625
family_psittacidae,amazona_psittacidae,claude-sonnet-5,family,,disputed,Amazona,Psittacidae,Psittaciformes,181.0,167,181,14,32,181,409,150.0,180.0,220.0,70.0,0.3867403314917127,True,True,0.5,2.4999999999999996,0.013812154696132594,2.4999999999999996,1.0,0.0055248618784530384,-0.0055248618784530384,4035.130800039042
family_ramphastidae,ramphastos_ramphastidae,claude-sonnet-5,family,,disputed,Ramphastos,Ramphastidae,Piciformes,38.0,34,38,4,8,38,444,40.0,46.0,57.0,17.0,0.4473684210526316,False,False,0.6,2.5666666666666664,0.0675438596491228,2.5666666666666664,8.0,0.21052631578947367,0.21052631578947367,5896.473700006027
family_spheniscidae,aptenodytes_spheniscidae,claude-sonnet-5,family,,disputed,Aptenodytes,Spheniscidae,Sphenisciformes,19.0,16,19,3,2,19,19,17.0,18.0,19.0,2.0,0.10526315789473684,False,True,0.8,0.2333333333333333,0.012280701754385963,0.2333333333333333,1.0,0.05263157894736842,-0.05263157894736842,3548.0570000363514
family_strigidae,bubo_strigidae,claude-sonnet-5,family,,disputed,Bubo,Strigidae,Strigiformes,236.0,196,236,40,12,236,256,225.0,240.0,260.0,35.0,0.1483050847457627,False,True,0.6,1.8333333333333333,0.0077683615819209035,1.8333333333333333,4.0,0.01694915254237288,0.01694915254237288,4831.849000009242
family_trochilidae,archilochus_trochilidae,claude-sonnet-5,family,,disputed,Archilochus,Trochilidae,Apodiformes,366.0,335,366,31,2,366,478,338.0,363.0,380.0,42.0,0.11475409836065574,False,True,0.7,1.9000000000000001,0.005191256830601093,1.9000000000000001,3.0,0.00819672131147541,-0.00819672131147541,5515.555999998469
fratercula_alcidae_genus,fratercula_alcidae,claude-sonnet-5,genus,well_known,undisputed,Fratercula,Alcidae,Charadriiformes,3.0,3,3,0,3,25,394,4.0,4.0,4.0,0.0,0.0,False,False,0.9,0.5,0.16666666666666666,0.5,1.0,0.3333333333333333,0.3333333333333333,5265.2350999997
fringilla_fringillidae_genus,fringilla_fringillidae,claude-sonnet-5,genus,well_known,disputed,Fringilla,Fringillidae,Passeriformes,8.0,3,8,5,8,238,6758,4.0,4.0,5.0,1.0,0.125,False,False,0.75,1.7,0.2125,1.7,4.0,0.5,-0.5,4415.1245999964885
ithaginis_phasianidae_genus,ithaginis_phasianidae,claude-sonnet-5,genus,obscure,undisputed,Ithaginis,Phasianidae,Galliformes,1.0,1,1,0,1,187,307,1.0,1.0,1.0,0.0,0.0,True,True,0.95,0.0,0.0,0.0,0.0,0.0,0.0,4297.848600021098
microhierax_falconidae_genus,microhierax_falconidae,claude-sonnet-5,genus,obscure,undisputed,Microhierax,Falconidae,Falconiformes,5.0,5,5,0,5,65,65,4.0,5.0,5.0,1.0,0.2,True,True,0.85,0.03333333333333333,0.006666666666666666,0.03333333333333333,0.0,0.0,0.0,4576.363100029994
nucifraga_corvidae_genus,nucifraga_corvidae,claude-sonnet-5,genus,obscure,disputed,Nucifraga,Corvidae,Passeriformes,4.0,2,4,2,4,138,6758,3.0,3.0,4.0,1.0,0.25,False,True,0.8,0.19999999999999998,0.049999999999999996,0.19999999999999998,1.0,0.25,-0.25,4621.763799979817
order_accipitriformes,accipiter_accipitridae,claude-sonnet-5,order,,disputed,Accipiter,Accipitridae,Accipitriformes,263.0,250,263,13,9,254,263,250.0,260.0,270.0,20.0,0.07604562737642585,True,True,0.6,1.1666666666666665,0.004435994930291507,1.1666666666666665,3.0,0.011406844106463879,-0.011406844106463879,4780.915899958927
order_anseriformes,anas_anatidae,claude-sonnet-5,order,,disputed,Anas,Anatidae,Anseriformes,178.0,166,178,12,32,174,178,170.0,180.0,195.0,25.0,0.1404494382022472,False,True,0.7,1.1666666666666667,0.006554307116104869,1.1666666666666667,2.0,0.011235955056179775,0.011235955056179775,5185.637699963991
order_apodiformes,archilochus_trochilidae,claude-sonnet-5,order,,disputed,Archilochus,Trochilidae,Apodiformes,478.0,432,478,46,2,366,478,460.0,460.0,470.0,10.0,0.02092050209205021,False,False,0.5,6.0,0.012552301255230125,6.0,18.0,0.03765690376569038,-0.03765690376569038,4152.301599970087
order_charadriiformes,fratercula_alcidae,claude-sonnet-5,order,,disputed,Fratercula,Alcidae,Charadriiformes,394.0,374,394,20,3,25,394,350.0,380.0,420.0,70.0,0.17766497461928935,True,True,0.7,4.666666666666667,0.011844331641285956,4.666666666666667,14.0,0.03553299492385787,-0.03553299492385787,4167.990499990992
order_columbiformes,columba_columbidae,claude-sonnet-5,order,,disputed,Columba,Columbidae,Columbiformes,352.0,316,352,36,34,352,352,330.0,345.0,365.0,35.0,0.09943181818181818,False,True,0.6,2.3333333333333335,0.006628787878787879,2.3333333333333335,7.0,0.019886363636363636,-0.019886363636363636,4215.179499995429
order_falconiformes,falco_falconidae,claude-sonnet-5,order,,disputed,Falco,Falconidae,Falconiformes,65.0,64,65,1,39,65,65,62.0,66.0,72.0,10.0,0.15384615384615385,True,True,0.7,0.5,0.007692307692307693,0.5,1.0,0.015384615384615385,0.015384615384615385,3991.893299971707
order_galliformes,pavo_phasianidae,claude-sonnet-5,order,,disputed,Pavo,Phasianidae,Galliformes,307.0,292,307,15,2,187,307,290.0,300.0,310.0,20.0,0.06514657980456026,True,True,0.7,1.8333333333333333,0.005971769815418024,1.8333333333333333,7.0,0.02280130293159609,-0.02280130293159609,4085.890000045765
order_passeriformes,corvus_corvidae,claude-sonnet-5,order,,disputed,Corvus,Corvidae,Passeriformes,6758.0,6020,6758,738,50,138,6758,6100.0,6500.0,6900.0,800.0,0.11837821840781296,False,True,0.6,69.66666666666667,0.010308769853013712,69.66666666666667,258.0,0.03817697543651968,-0.03817697543651968,4419.23980001593
order_piciformes,ramphastos_ramphastidae,claude-sonnet-5,order,,disputed,Ramphastos,Ramphastidae,Piciformes,444.0,406,444,38,8,38,444,420.0,450.0,480.0,60.0,0.13513513513513514,False,True,0.6,3.0,0.006756756756756757,3.0,6.0,0.013513513513513514,0.013513513513513514,3997.5262000225484
order_psittaciformes,amazona_psittacidae,claude-sonnet-5,order,,disputed,Amazona,Psittacidae,Psittaciformes,409.0,379,409,30,32,181,409,380.0,398.0,420.0,40.0,0.097799511002445,False,True,0.7,3.1666666666666665,0.007742461287693561,3.1666666666666665,11.0,0.02689486552567237,-0.02689486552567237,4028.891400026623
order_sphenisciformes,aptenodytes_spheniscidae,claude-sonnet-5,order,,disputed,Aptenodytes,Spheniscidae,Sphenisciformes,19.0,16,19,3,2,19,19,17.0,18.0,19.0,2.0,0.10526315789473684,False,True,0.85,0.2333333333333333,0.012280701754385963,0.2333333333333333,1.0,0.05263157894736842,-0.05263157894736842,4091.9917999999598
order_strigiformes,bubo_strigidae,claude-sonnet-5,order,,disputed,Bubo,Strigidae,Strigiformes,256.0,214,256,42,12,236,256,220.0,250.0,270.0,50.0,0.1953125,False,True,0.6,2.6666666666666665,0.010416666666666666,2.6666666666666665,6.0,0.0234375,-0.0234375,4390.92089998303
pavo_phasianidae_genus,pavo_phasianidae,claude-sonnet-5,genus,well_known,undisputed,Pavo,Phasianidae,Galliformes,2.0,2,2,0,2,187,307,2.0,2.0,3.0,1.0,0.5,True,True,0.85,0.033333333333333326,0.016666666666666663,0.033333333333333326,0.0,0.0,0.0,4525.195499998517
pitta_pittidae_genus,pitta_pittidae,claude-sonnet-5,genus,well_known,disputed,Pitta,Pittidae,Passeriformes,20.0,13,20,7,20,46,6758,32.0,35.0,42.0,10.0,0.5,False,False,0.6,6.833333333333333,0.3416666666666667,6.833333333333333,15.0,0.75,0.75,4333.133400010411
ramphastos_ramphastidae_genus,ramphastos_ramphastidae,claude-sonnet-5,genus,well_known,disputed,Ramphastos,Ramphastidae,Piciformes,8.0,7,8,1,8,38,444,8.0,8.0,9.0,1.0,0.125,False,True,0.7,0.033333333333333326,0.004166666666666666,0.033333333333333326,0.0,0.0,0.0,5334.238799987361
sarkidiornis_anatidae_genus,sarkidiornis_anatidae,claude-sonnet-5,genus,obscure,disputed,Sarkidiornis,Anatidae,Anseriformes,2.0,1,2,1,2,174,178,1.0,2.0,2.0,1.0,0.5,True,True,0.7,0.03333333333333333,0.016666666666666666,0.03333333333333333,0.0,0.0,0.0,3364.5857999799773
selenidera_ramphastidae_genus,selenidera_ramphastidae,claude-sonnet-5,genus,obscure,undisputed,Selenidera,Ramphastidae,Piciformes,6.0,6,6,0,6,38,444,6.0,6.0,8.0,2.0,0.3333333333333333,True,True,0.7,0.06666666666666665,0.011111111111111108,0.06666666666666665,0.0,0.0,0.0,3977.758899971377
synthliboramphus_alcidae_genus,synthliboramphus_alcidae,claude-sonnet-5,genus,obscure,undisputed,Synthliboramphus,Alcidae,Charadriiformes,5.0,5,5,0,5,25,394,4.0,5.0,5.0,1.0,0.2,True,True,0.85,0.03333333333333333,0.006666666666666666,0.03333333333333333,0.0,0.0,0.0,3820.535699953325
urotriorchis_accipitridae_genus,urotriorchis_accipitridae,claude-sonnet-5,genus,obscure,undisputed,Urotriorchis,Accipitridae,Accipitriformes,1.0,1,1,0,1,254,263,1.0,1.0,1.0,0.0,0.0,True,True,0.95,0.0,0.0,0.0,0.0,0.0,0.0,2912.1710000326857
xenoglaux_strigidae_genus,xenoglaux_strigidae,claude-sonnet-5,genus,obscure,undisputed,Xenoglaux,Strigidae,Strigiformes,1.0,1,1,0,1,236,256,1.0,1.0,1.0,0.0,0.0,True,True,0.97,0.0,0.0,0.0,0.0,0.0,0.0,4039.957700006198
accipiter_accipitridae_genus,accipiter_accipitridae,gpt-4o-mini,genus,well_known,disputed,Accipiter,Accipitridae,Accipitriformes,9.0,6,9,3,9,254,263,15.0,20.0,25.0,10.0,1.1111111111111112,False,False,0.8,4.166666666666667,0.462962962962963,4.166666666666667,11.0,1.2222222222222223,1.2222222222222223,3565.9135000314564
amazona_psittacidae_genus,amazona_psittacidae,gpt-4o-mini,genus,well_known,disputed,Amazona,Psittacidae,Psittaciformes,32.0,30,32,2,32,181,409,25.0,30.0,35.0,10.0,0.3125,True,True,0.85,0.6666666666666666,0.020833333333333332,0.6666666666666666,2.0,0.0625,-0.0625,3644.539100001566
anas_anatidae_genus,anas_anatidae,gpt-4o-mini,genus,well_known,disputed,Anas,Anatidae,Anseriformes,32.0,26,32,6,32,174,178,25.0,30.0,35.0,10.0,0.3125,True,True,0.85,0.6666666666666666,0.020833333333333332,0.6666666666666666,2.0,0.0625,-0.0625,3609.762000036426
aptenodytes_spheniscidae_genus,aptenodytes_spheniscidae,gpt-4o-mini,genus,well_known,undisputed,Aptenodytes,Spheniscidae,Sphenisciformes,2.0,2,2,0,2,19,19,2.0,2.0,3.0,1.0,0.5,True,True,0.9,0.033333333333333326,0.016666666666666663,0.033333333333333326,0.0,0.0,0.0,3518.5373999993317
archilochus_trochilidae_genus,archilochus_trochilidae,gpt-4o-mini,genus,well_known,undisputed,Archilochus,Trochilidae,Apodiformes,2.0,2,2,0,2,366,478,4.0,5.0,6.0,2.0,1.0,False,False,0.8,1.2333333333333332,0.6166666666666666,1.2333333333333332,3.0,1.5,1.5,2879.3054000125267
bolborhynchus_psittacidae_genus,bolborhynchus_psittacidae,gpt-4o-mini,genus,obscure,undisputed,Bolborhynchus,Psittacidae,Psittaciformes,3.0,3,3,0,3,181,409,4.0,5.0,6.0,2.0,0.6666666666666666,False,False,0.8,0.7333333333333333,0.24444444444444444,0.7333333333333333,2.0,0.6666666666666666,0.6666666666666666,3281.283100019209
bubo_strigidae_genus,bubo_strigidae,gpt-4o-mini,genus,well_known,disputed,Bubo,Strigidae,Strigiformes,12.0,7,12,5,12,236,256,8.0,10.0,12.0,4.0,0.3333333333333333,False,True,0.85,0.4666666666666666,0.03888888888888888,0.4666666666666666,2.0,0.16666666666666666,-0.16666666666666666,2270.746900001541
carpodacus_fringillidae_genus,carpodacus_fringillidae,gpt-4o-mini,genus,obscure,disputed,Carpodacus,Fringillidae,Passeriformes,28.0,26,28,2,28,238,6758,10.0,15.0,20.0,10.0,0.35714285714285715,False,False,0.8,5.166666666666667,0.18452380952380953,5.166666666666667,13.0,0.4642857142857143,-0.4642857142857143,7614.054400008172
chaetocercus_trochilidae_genus,chaetocercus_trochilidae,gpt-4o-mini,genus,obscure,undisputed,Chaetocercus,Trochilidae,Apodiformes,6.0,6,6,0,6,366,478,4.0,5.0,6.0,2.0,0.3333333333333333,True,True,0.8,0.2333333333333333,0.03888888888888888,0.2333333333333333,1.0,0.16666666666666666,-0.16666666666666666,2481.9874000386335
claravis_columbidae_genus,claravis_columbidae,gpt-4o-mini,genus,obscure,undisputed,Claravis,Columbidae,Columbiformes,1.0,1,1,0,1,352,352,3.0,4.0,5.0,2.0,2.0,False,False,0.8,1.2333333333333332,1.2333333333333332,1.2333333333333332,3.0,3.0,3.0,2283.9238999877125
columba_columbidae_genus,columba_columbidae,gpt-4o-mini,genus,well_known,undisputed,Columba,Columbidae,Columbiformes,34.0,34,34,0,34,352,352,30.0,40.0,50.0,20.0,0.5882352941176471,True,True,0.8,1.6666666666666667,0.049019607843137254,1.6666666666666667,6.0,0.17647058823529413,0.17647058823529413,2463.482399994973
corvus_corvidae_genus,corvus_corvidae,gpt-4o-mini,genus,well_known,disputed,Corvus,Corvidae,Passeriformes,50.0,41,50,9,50,138,6758,40.0,45.0,50.0,10.0,0.2,True,True,0.85,1.1666666666666667,0.023333333333333334,1.1666666666666667,5.0,0.1,-0.1,2436.828800011426
erythropitta_pittidae_genus,erythropitta_pittidae,gpt-4o-mini,genus,obscure,disputed,Erythropitta,Pittidae,Passeriformes,13.0,5,13,8,13,46,6758,5.0,6.0,7.0,2.0,0.15384615384615385,False,False,0.85,3.233333333333333,0.2487179487179487,3.233333333333333,7.0,0.5384615384615384,-0.5384615384615384,3172.656500013545
eudyptula_spheniscidae_genus,eudyptula_spheniscidae,gpt-4o-mini,genus,obscure,undisputed,Eudyptula,Spheniscidae,Sphenisciformes,1.0,1,1,0,1,19,19,1.0,2.0,3.0,2.0,2.0,True,True,0.8,0.2333333333333333,0.2333333333333333,0.2333333333333333,1.0,1.0,1.0,1718.1906000478193
falco_falconidae_genus,falco_falconidae,gpt-4o-mini,genus,well_known,disputed,Falco,Falconidae,Falconiformes,39.0,38,39,1,39,65,65,35.0,40.0,45.0,10.0,0.2564102564102564,True,True,0.85,0.5,0.01282051282051282,0.5,1.0,0.02564102564102564,0.02564102564102564,2150.863200018648
family_accipitridae,accipiter_accipitridae,gpt-4o-mini,family,,disputed,Accipiter,Accipitridae,Accipitriformes,254.0,241,254,13,9,254,263,200.0,250.0,300.0,100.0,0.3937007874015748,True,True,0.85,4.0,0.015748031496062992,4.0,4.0,0.015748031496062992,-0.015748031496062992,4938.455199997406
family_alcidae,fratercula_alcidae,gpt-4o-mini,family,,undisputed,Fratercula,Alcidae,Charadriiformes,25.0,25,25,0,3,25,394,20.0,24.0,28.0,8.0,0.32,True,True,0.85,0.4333333333333333,0.017333333333333333,0.4333333333333333,1.0,0.04,-0.04,5142.8179000504315
family_anatidae,anas_anatidae,gpt-4o-mini,family,,disputed,Anas,Anatidae,Anseriformes,174.0,162,174,12,32,174,178,150.0,180.0,210.0,60.0,0.3448275862068966,True,True,0.85,3.0,0.017241379310344827,3.0,6.0,0.034482758620689655,0.034482758620689655,3509.635599970352
family_columbidae,columba_columbidae,gpt-4o-mini,family,,disputed,Columba,Columbidae,Columbiformes,352.0,316,352,36,34,352,352,250.0,300.0,350.0,100.0,0.2840909090909091,False,False,0.8,12.666666666666666,0.03598484848484848,12.666666666666666,52.0,0.14772727272727273,-0.14772727272727273,3572.7955999900587
family_corvidae,corvus_corvidae,gpt-4o-mini,family,,disputed,Corvus,Corvidae,Passeriformes,138.0,123,138,15,50,138,6758,80.0,90.0,100.0,20.0,0.14492753623188406,False,False,0.85,21.333333333333332,0.15458937198067632,21.333333333333332,48.0,0.34782608695652173,-0.34782608695652173,3251.142500026617
family_falconidae,falco_falconidae,gpt-4o-mini,family,,disputed,Falco,Falconidae,Falconiformes,65.0,64,65,1,39,65,65,60.0,65.0,70.0,10.0,0.15384615384615385,True,True,0.85,0.3333333333333333,0.005128205128205128,0.3333333333333333,0.0,0.0,0.0,5107.687299954705
family_fringillidae,fringilla_fringillidae,gpt-4o-mini,family,,disputed,Fringilla,Fringillidae,Passeriformes,238.0,220,238,18,8,238,6758,40.0,50.0,60.0,20.0,0.08403361344537816,False,False,0.85,91.33333333333333,0.3837535014005602,91.33333333333333,188.0,0.7899159663865546,-0.7899159663865546,3745.8968999562785
family_phasianidae,pavo_phasianidae,gpt-4o-mini,family,,disputed,Pavo,Phasianidae,Galliformes,187.0,178,187,9,2,187,307,40.0,50.0,60.0,20.0,0.10695187165775401,False,False,0.8,65.83333333333333,0.3520499108734403,65.83333333333333,137.0,0.732620320855615,-0.732620320855615,5020.330199971795
family_pittidae,pitta_pittidae,gpt-4o-mini,family,,disputed,Pitta,Pittidae,Passeriformes,46.0,29,46,17,20,46,6758,8.0,10.0,12.0,4.0,0.08695652173913043,False,False,0.85,17.46666666666667,0.3797101449275363,17.46666666666667,36.0,0.782608695652174,-0.782608695652174,3181.0670000268146
family_psittacidae,amazona_psittacidae,gpt-4o-mini,family,,disputed,Amazona,Psittacidae,Psittaciformes,181.0,167,181,14,32,181,409,350.0,400.0,450.0,100.0,0.5524861878453039,False,False,0.8,96.16666666666667,0.5313075506445673,96.16666666666667,219.0,1.2099447513812154,1.2099447513812154,3443.271600001026
family_ramphastidae,ramphastos_ramphastidae,gpt-4o-mini,family,,disputed,Ramphastos,Ramphastidae,Piciformes,38.0,34,38,4,8,38,444,12.0,15.0,18.0,6.0,0.15789473684210525,False,False,0.85,10.700000000000001,0.2815789473684211,10.700000000000001,23.0,0.6052631578947368,-0.6052631578947368,3124.7454000404105
family_spheniscidae,aptenodytes_spheniscidae,gpt-4o-mini,family,,disputed,Aptenodytes,Spheniscidae,Sphenisciformes,19.0,16,19,3,2,19,19,16.0,18.0,20.0,4.0,0.21052631578947367,True,True,0.9,0.3,0.015789473684210527,0.3,1.0,0.05263157894736842,-0.05263157894736842,3116.728199995123
family_strigidae,bubo_strigidae,gpt-4o-mini,family,,disputed,Bubo,Strigidae,Strigiformes,236.0,196,236,40,12,236,256,200.0,220.0,250.0,50.0,0.211864406779661,False,True,0.85,4.333333333333333,0.018361581920903952,4.333333333333333,16.0,0.06779661016949153,-0.06779661016949153,2986.064400000032
family_trochilidae,archilochus_trochilidae,gpt-4o-mini,family,,disputed,Archilochus,Trochilidae,Apodiformes,366.0,335,366,31,2,366,478,320.0,350.0,380.0,60.0,0.16393442622950818,True,True,0.85,4.666666666666667,0.012750455373406194,4.666666666666667,16.0,0.04371584699453552,-0.04371584699453552,5024.33819998987
fratercula_alcidae_genus,fratercula_alcidae,gpt-4o-mini,genus,well_known,undisputed,Fratercula,Alcidae,Charadriiformes,3.0,3,3,0,3,25,394,3.0,4.0,5.0,2.0,0.6666666666666666,True,True,0.9,0.2333333333333333,0.07777777777777777,0.2333333333333333,1.0,0.3333333333333333,0.3333333333333333,2950.93910000287
fringilla_fringillidae_genus,fringilla_fringillidae,gpt-4o-mini,genus,well_known,disputed,Fringilla,Fringillidae,Passeriformes,8.0,3,8,5,8,238,6758,6.0,8.0,10.0,4.0,0.5,False,True,0.85,0.13333333333333333,0.016666666666666666,0.13333333333333333,0.0,0.0,0.0,2454.998900007922
ithaginis_phasianidae_genus,ithaginis_phasianidae,gpt-4o-mini,genus,obscure,undisputed,Ithaginis,Phasianidae,Galliformes,1.0,1,1,0,1,187,307,2.0,3.0,4.0,2.0,2.0,False,False,0.8,0.7333333333333333,0.7333333333333333,0.7333333333333333,2.0,2.0,2.0,3200.942200026475
microhierax_falconidae_genus,microhierax_falconidae,gpt-4o-mini,genus,obscure,undisputed,Microhierax,Falconidae,Falconiformes,5.0,5,5,0,5,65,65,4.0,5.0,6.0,2.0,0.4,True,True,0.8,0.06666666666666667,0.013333333333333332,0.06666666666666667,0.0,0.0,0.0,2502.300899999682
nucifraga_corvidae_genus,nucifraga_corvidae,gpt-4o-mini,genus,obscure,disputed,Nucifraga,Corvidae,Passeriformes,4.0,2,4,2,4,138,6758,2.0,3.0,4.0,2.0,0.5,True,True,0.8,0.2333333333333333,0.05833333333333333,0.2333333333333333,1.0,0.25,-0.25,4042.8816999774426
order_accipitriformes,accipiter_accipitridae,gpt-4o-mini,order,,disputed,Accipiter,Accipitridae,Accipitriformes,263.0,250,263,13,9,254,263,200.0,250.0,300.0,100.0,0.38022813688212925,True,True,0.8,5.5,0.02091254752851711,5.5,13.0,0.049429657794676805,-0.049429657794676805,5304.606600024272
order_anseriformes,anas_anatidae,gpt-4o-mini,order,,disputed,Anas,Anatidae,Anseriformes,178.0,166,178,12,32,174,178,150.0,180.0,210.0,60.0,0.33707865168539325,True,True,0.85,2.3333333333333335,0.013108614232209739,2.3333333333333335,2.0,0.011235955056179775,0.011235955056179775,3550.0435000285506
order_apodiformes,archilochus_trochilidae,gpt-4o-mini,order,,disputed,Archilochus,Trochilidae,Apodiformes,478.0,432,478,46,2,366,478,100.0,400.0,600.0,500.0,1.0460251046025104,True,True,0.8,29.66666666666667,0.06206415620641563,29.66666666666667,78.0,0.16317991631799164,-0.16317991631799164,2887.1616999967955
order_charadriiformes,fratercula_alcidae,gpt-4o-mini,order,,disputed,Fratercula,Alcidae,Charadriiformes,394.0,374,394,20,3,25,394,200.0,350.0,450.0,250.0,0.6345177664974619,True,True,0.8,15.66666666666667,0.03976311336717429,15.66666666666667,44.0,0.1116751269035533,-0.1116751269035533,3805.7184999925084
order_columbiformes,columba_columbidae,gpt-4o-mini,order,,disputed,Columba,Columbidae,Columbiformes,352.0,316,352,36,34,352,352,250.0,300.0,350.0,100.0,0.2840909090909091,False,False,0.85,12.666666666666666,0.03598484848484848,12.666666666666666,52.0,0.14772727272727273,-0.14772727272727273,3066.1248000105843
order_falconiformes,falco_falconidae,gpt-4o-mini,order,,disputed,Falco,Falconidae,Falconiformes,65.0,64,65,1,39,65,65,60.0,65.0,70.0,10.0,0.15384615384615385,True,True,0.8,0.3333333333333333,0.005128205128205128,0.3333333333333333,0.0,0.0,0.0,2875.865400012117
order_galliformes,pavo_phasianidae,gpt-4o-mini,order,,disputed,Pavo,Phasianidae,Galliformes,307.0,292,307,15,2,187,307,250.0,300.0,350.0,100.0,0.3257328990228013,True,True,0.85,4.499999999999999,0.014657980456026056,4.499999999999999,7.0,0.02280130293159609,-0.02280130293159609,4311.10680004349
order_passeriformes,corvus_corvidae,gpt-4o-mini,order,,disputed,Corvus,Corvidae,Passeriformes,6758.0,6020,6758,738,50,138,6758,5000.0,6000.0,7000.0,2000.0,0.2959455460195324,True,True,0.85,193.0,0.028558745190884877,193.0,758.0,0.11216336194140278,-0.11216336194140278,4975.887199980207
order_piciformes,ramphastos_ramphastidae,gpt-4o-mini,order,,disputed,Ramphastos,Ramphastidae,Piciformes,444.0,406,444,38,8,38,444,200.0,230.0,260.0,60.0,0.13513513513513514,False,False,0.85,99.0,0.22297297297297297,99.0,214.0,0.481981981981982,-0.481981981981982,3846.718500019051
order_psittaciformes,amazona_psittacidae,gpt-4o-mini,order,,disputed,Amazona,Psittacidae,Psittaciformes,409.0,379,409,30,32,181,409,350.0,400.0,450.0,100.0,0.24449877750611246,True,True,0.85,4.833333333333333,0.011817440912795435,4.833333333333333,9.0,0.022004889975550123,-0.022004889975550123,2929.400499968324
order_sphenisciformes,aptenodytes_spheniscidae,gpt-4o-mini,order,,disputed,Aptenodytes,Spheniscidae,Sphenisciformes,19.0,16,19,3,2,19,19,16.0,18.0,20.0,4.0,0.21052631578947367,True,True,0.9,0.3,0.015789473684210527,0.3,1.0,0.05263157894736842,-0.05263157894736842,3629.4967000139877
order_strigiformes,bubo_strigidae,gpt-4o-mini,order,,disputed,Bubo,Strigidae,Strigiformes,256.0,214,256,42,12,236,256,200.0,250.0,300.0,100.0,0.390625,True,True,0.85,4.333333333333333,0.016927083333333332,4.333333333333333,6.0,0.0234375,-0.0234375,3924.043500039261
pavo_phasianidae_genus,pavo_phasianidae,gpt-4o-mini,genus,well_known,undisputed,Pavo,Phasianidae,Galliformes,2.0,2,2,0,2,187,307,2.0,3.0,4.0,2.0,1.0,True,True,0.85,0.2333333333333333,0.11666666666666665,0.2333333333333333,1.0,0.5,0.5,2967.0887000393122
pitta_pittidae_genus,pitta_pittidae,gpt-4o-mini,genus,well_known,disputed,Pitta,Pittidae,Passeriformes,20.0,13,20,7,20,46,6758,8.0,10.0,12.0,4.0,0.2,False,False,0.85,4.466666666666667,0.22333333333333333,4.466666666666667,10.0,0.5,-0.5,3619.967100035865
ramphastos_ramphastidae_genus,ramphastos_ramphastidae,gpt-4o-mini,genus,well_known,disputed,Ramphastos,Ramphastidae,Piciformes,8.0,7,8,1,8,38,444,6.0,8.0,10.0,4.0,0.5,True,True,0.8,0.13333333333333333,0.016666666666666666,0.13333333333333333,0.0,0.0,0.0,2678.274000005331
sarkidiornis_anatidae_genus,sarkidiornis_anatidae,gpt-4o-mini,genus,obscure,disputed,Sarkidiornis,Anatidae,Anseriformes,2.0,1,2,1,2,174,178,2.0,3.0,4.0,2.0,1.0,False,True,0.8,0.2333333333333333,0.11666666666666665,0.2333333333333333,1.0,0.5,0.5,2835.8321000123397
selenidera_ramphastidae_genus,selenidera_ramphastidae,gpt-4o-mini,genus,obscure,undisputed,Selenidera,Ramphastidae,Piciformes,6.0,6,6,0,6,38,444,3.0,4.0,5.0,2.0,0.3333333333333333,False,False,0.85,0.7333333333333334,0.12222222222222223,0.7333333333333334,2.0,0.3333333333333333,-0.3333333333333333,3362.0635999832302
synthliboramphus_alcidae_genus,synthliboramphus_alcidae,gpt-4o-mini,genus,obscure,undisputed,Synthliboramphus,Alcidae,Charadriiformes,5.0,5,5,0,5,25,394,3.0,4.0,5.0,2.0,0.4,True,True,0.85,0.2333333333333333,0.04666666666666666,0.2333333333333333,1.0,0.2,-0.2,2669.3832999444567
urotriorchis_accipitridae_genus,urotriorchis_accipitridae,gpt-4o-mini,genus,obscure,undisputed,Urotriorchis,Accipitridae,Accipitriformes,1.0,1,1,0,1,254,263,1.0,2.0,3.0,2.0,2.0,True,True,0.8,0.2333333333333333,0.2333333333333333,0.2333333333333333,1.0,1.0,1.0,2695.976499991957
xenoglaux_strigidae_genus,xenoglaux_strigidae,gpt-4o-mini,genus,obscure,undisputed,Xenoglaux,Strigidae,Strigiformes,1.0,1,1,0,1,236,256,1.0,1.0,1.0,0.0,0.0,True,True,0.9,0.0,0.0,0.0,0.0,0.0,0.0,2696.6707999818027
accipiter_accipitridae_genus,accipiter_accipitridae,gpt-4o,genus,well_known,disputed,Accipiter,Accipitridae,Accipitriformes,9.0,6,9,3,9,254,263,40.0,50.0,60.0,20.0,2.2222222222222223,False,False,0.8,17.833333333333336,1.9814814814814818,17.833333333333336,41.0,4.555555555555555,4.555555555555555,3003.286399994977
amazona_psittacidae_genus,amazona_psittacidae,gpt-4o,genus,well_known,disputed,Amazona,Psittacidae,Psittaciformes,32.0,30,32,2,32,181,409,25.0,30.0,35.0,10.0,0.3125,True,True,0.8,0.6666666666666666,0.020833333333333332,0.6666666666666666,2.0,0.0625,-0.0625,2638.607000000775
anas_anatidae_genus,anas_anatidae,gpt-4o,genus,well_known,disputed,Anas,Anatidae,Anseriformes,32.0,26,32,6,32,174,178,30.0,35.0,40.0,10.0,0.3125,False,True,0.8,0.8333333333333334,0.026041666666666668,0.8333333333333334,3.0,0.09375,0.09375,2982.219099998474
aptenodytes_spheniscidae_genus,aptenodytes_spheniscidae,gpt-4o,genus,well_known,undisputed,Aptenodytes,Spheniscidae,Sphenisciformes,2.0,2,2,0,2,19,19,2.0,2.0,3.0,1.0,0.5,True,True,0.9,0.033333333333333326,0.016666666666666663,0.033333333333333326,0.0,0.0,0.0,2851.772100024391
archilochus_trochilidae_genus,archilochus_trochilidae,gpt-4o,genus,well_known,undisputed,Archilochus,Trochilidae,Apodiformes,2.0,2,2,0,2,366,478,2.0,2.0,3.0,1.0,0.5,True,True,0.8,0.033333333333333326,0.016666666666666663,0.033333333333333326,0.0,0.0,0.0,2960.3999000391923
bolborhynchus_psittacidae_genus,bolborhynchus_psittacidae,gpt-4o,genus,obscure,undisputed,Bolborhynchus,Psittacidae,Psittaciformes,3.0,3,3,0,3,181,409,2.0,3.0,4.0,2.0,0.6666666666666666,True,True,0.8,0.06666666666666667,0.022222222222222223,0.06666666666666667,0.0,0.0,0.0,2694.0146000124514
bubo_strigidae_genus,bubo_strigidae,gpt-4o,genus,well_known,disputed,Bubo,Strigidae,Strigiformes,12.0,7,12,5,12,236,256,10.0,12.0,15.0,5.0,0.4166666666666667,False,True,0.8,0.16666666666666666,0.013888888888888888,0.16666666666666666,0.0,0.0,0.0,2826.02409995161
carpodacus_fringillidae_genus,carpodacus_fringillidae,gpt-4o,genus,obscure,disputed,Carpodacus,Fringillidae,Passeriformes,28.0,26,28,2,28,238,6758,20.0,25.0,30.0,10.0,0.35714285714285715,True,True,0.8,0.8333333333333334,0.029761904761904764,0.8333333333333334,3.0,0.10714285714285714,-0.10714285714285714,1193.7267999746837
chaetocercus_trochilidae_genus,chaetocercus_trochilidae,gpt-4o,genus,obscure,undisputed,Chaetocercus,Trochilidae,Apodiformes,6.0,6,6,0,6,366,478,5.0,6.0,7.0,2.0,0.3333333333333333,True,True,0.8,0.06666666666666667,0.011111111111111112,0.06666666666666667,0.0,0.0,0.0,2150.490299973171
claravis_columbidae_genus,claravis_columbidae,gpt-4o,genus,obscure,undisputed,Claravis,Columbidae,Columbiformes,1.0,1,1,0,1,352,352,2.0,3.0,4.0,2.0,2.0,False,False,0.8,0.7333333333333333,0.7333333333333333,0.7333333333333333,2.0,2.0,2.0,2139.873499982059
columba_columbidae_genus,columba_columbidae,gpt-4o,genus,well_known,undisputed,Columba,Columbidae,Columbiformes,34.0,34,34,0,34,352,352,30.0,35.0,40.0,10.0,0.29411764705882354,True,True,0.8,0.5,0.014705882352941176,0.5,1.0,0.029411764705882353,0.029411764705882353,2125.3219000063837
corvus_corvidae_genus,corvus_corvidae,gpt-4o,genus,well_known,disputed,Corvus,Corvidae,Passeriformes,50.0,41,50,9,50,138,6758,40.0,45.0,50.0,10.0,0.2,True,True,0.8,1.1666666666666667,0.023333333333333334,1.1666666666666667,5.0,0.1,-0.1,2008.1733000115491
erythropitta_pittidae_genus,erythropitta_pittidae,gpt-4o,genus,obscure,disputed,Erythropitta,Pittidae,Passeriformes,13.0,5,13,8,13,46,6758,8.0,10.0,12.0,4.0,0.3076923076923077,False,False,0.7,0.9666666666666667,0.07435897435897436,0.9666666666666667,3.0,0.23076923076923078,-0.23076923076923078,1816.562200023327
eudyptula_spheniscidae_genus,eudyptula_spheniscidae,gpt-4o,genus,obscure,undisputed,Eudyptula,Spheniscidae,Sphenisciformes,1.0,1,1,0,1,19,19,1.0,2.0,3.0,2.0,2.0,True,True,0.8,0.2333333333333333,0.2333333333333333,0.2333333333333333,1.0,1.0,1.0,2092.0766000053845
falco_falconidae_genus,falco_falconidae,gpt-4o,genus,well_known,disputed,Falco,Falconidae,Falconiformes,39.0,38,39,1,39,65,65,35.0,40.0,45.0,10.0,0.2564102564102564,True,True,0.8,0.5,0.01282051282051282,0.5,1.0,0.02564102564102564,0.02564102564102564,1933.8710999581963
family_accipitridae,accipiter_accipitridae,gpt-4o,family,,disputed,Accipiter,Accipitridae,Accipitriformes,254.0,241,254,13,9,254,263,230.0,250.0,270.0,40.0,0.15748031496062992,True,True,0.8,2.0,0.007874015748031496,2.0,4.0,0.015748031496062992,-0.015748031496062992,3311.270800011698
family_alcidae,fratercula_alcidae,gpt-4o,family,,undisputed,Fratercula,Alcidae,Charadriiformes,25.0,25,25,0,3,25,394,22.0,25.0,28.0,6.0,0.24,True,True,0.8,0.19999999999999998,0.008,0.19999999999999998,0.0,0.0,0.0,3923.0321999639273
family_anatidae,anas_anatidae,gpt-4o,family,,disputed,Anas,Anatidae,Anseriformes,174.0,162,174,12,32,174,178,150.0,170.0,190.0,40.0,0.22988505747126436,True,True,0.8,2.0,0.011494252873563218,2.0,4.0,0.022988505747126436,-0.022988505747126436,2760.395299992524
family_columbidae,columba_columbidae,gpt-4o,family,,disputed,Columba,Columbidae,Columbiformes,352.0,316,352,36,34,352,352,300.0,350.0,400.0,100.0,0.2840909090909091,True,True,0.8,3.6666666666666665,0.010416666666666666,3.6666666666666665,2.0,0.005681818181818182,-0.005681818181818182,3013.6480999644846
family_corvidae,corvus_corvidae,gpt-4o,family,,disputed,Corvus,Corvidae,Passeriformes,138.0,123,138,15,50,138,6758,120.0,130.0,140.0,20.0,0.14492753623188406,True,True,0.8,2.0,0.014492753623188406,2.0,8.0,0.057971014492753624,-0.057971014492753624,5577.494599972852
family_falconidae,falco_falconidae,gpt-4o,family,,disputed,Falco,Falconidae,Falconiformes,65.0,64,65,1,39,65,65,60.0,65.0,70.0,10.0,0.15384615384615385,True,True,0.8,0.3333333333333333,0.005128205128205128,0.3333333333333333,0.0,0.0,0.0,3144.0701999817975
family_fringillidae,fringilla_fringillidae,gpt-4o,family,,disputed,Fringilla,Fringillidae,Passeriformes,238.0,220,238,18,8,238,6758,200.0,220.0,240.0,40.0,0.16806722689075632,True,True,0.8,4.333333333333333,0.018207282913165264,4.333333333333333,18.0,0.07563025210084033,-0.07563025210084033,3122.3878000164405
family_phasianidae,pavo_phasianidae,gpt-4o,family,,disputed,Pavo,Phasianidae,Galliformes,187.0,178,187,9,2,187,307,160.0,180.0,200.0,40.0,0.21390374331550802,True,True,0.7,2.5,0.013368983957219251,2.5,7.0,0.0374331550802139,-0.0374331550802139,3168.0722999735735
family_pittidae,pitta_pittidae,gpt-4o,family,,disputed,Pitta,Pittidae,Passeriformes,46.0,29,46,17,20,46,6758,30.0,35.0,40.0,10.0,0.21739130434782608,False,False,0.8,4.166666666666667,0.09057971014492754,4.166666666666667,11.0,0.2391304347826087,-0.2391304347826087,3049.3294000043534
family_psittacidae,amazona_psittacidae,gpt-4o,family,,disputed,Amazona,Psittacidae,Psittaciformes,181.0,167,181,14,32,181,409,350.0,400.0,450.0,100.0,0.5524861878453039,False,False,0.7,96.16666666666667,0.5313075506445673,96.16666666666667,219.0,1.2099447513812154,1.2099447513812154,2933.832100010477
family_ramphastidae,ramphastos_ramphastidae,gpt-4o,family,,disputed,Ramphastos,Ramphastidae,Piciformes,38.0,34,38,4,8,38,444,35.0,42.0,50.0,15.0,0.39473684210526316,False,True,0.8,1.1666666666666665,0.030701754385964907,1.1666666666666665,4.0,0.10526315789473684,0.10526315789473684,3403.0192000209354
family_spheniscidae,aptenodytes_spheniscidae,gpt-4o,family,,disputed,Aptenodytes,Spheniscidae,Sphenisciformes,19.0,16,19,3,2,19,19,17.0,18.0,20.0,3.0,0.15789473684210525,False,True,0.85,0.26666666666666666,0.014035087719298246,0.26666666666666666,1.0,0.05263157894736842,-0.05263157894736842,3116.5984999970533
family_strigidae,bubo_strigidae,gpt-4o,family,,disputed,Bubo,Strigidae,Strigiformes,236.0,196,236,40,12,236,256,190.0,220.0,250.0,60.0,0.2542372881355932,True,True,0.7,4.666666666666667,0.01977401129943503,4.666666666666667,16.0,0.06779661016949153,-0.06779661016949153,3608.065999986138
family_trochilidae,archilochus_trochilidae,gpt-4o,family,,disputed,Archilochus,Trochilidae,Apodiformes,366.0,335,366,31,2,366,478,320.0,360.0,400.0,80.0,0.2185792349726776,True,True,0.8,3.6666666666666665,0.010018214936247723,3.6666666666666665,6.0,0.01639344262295082,-0.01639344262295082,2936.0716000082903
fratercula_alcidae_genus,fratercula_alcidae,gpt-4o,genus,well_known,undisputed,Fratercula,Alcidae,Charadriiformes,3.0,3,3,0,3,25,394,2.0,3.0,4.0,2.0,0.6666666666666666,True,True,0.9,0.06666666666666667,0.022222222222222223,0.06666666666666667,0.0,0.0,0.0,2147.517399978824
fringilla_fringillidae_genus,fringilla_fringillidae,gpt-4o,genus,well_known,disputed,Fringilla,Fringillidae,Passeriformes,8.0,3,8,5,8,238,6758,2.0,3.0,4.0,2.0,0.25,False,False,0.8,2.2333333333333334,0.2791666666666667,2.2333333333333334,5.0,0.625,-0.625,2583.787699986715
ithaginis_phasianidae_genus,ithaginis_phasianidae,gpt-4o,genus,obscure,undisputed,Ithaginis,Phasianidae,Galliformes,1.0,1,1,0,1,187,307,1.0,1.0,1.0,0.0,0.0,True,True,0.95,0.0,0.0,0.0,0.0,0.0,0.0,1843.702399986796
microhierax_falconidae_genus,microhierax_falconidae,gpt-4o,genus,obscure,undisputed,Microhierax,Falconidae,Falconiformes,5.0,5,5,0,5,65,65,4.0,5.0,6.0,2.0,0.4,True,True,0.8,0.06666666666666667,0.013333333333333332,0.06666666666666667,0.0,0.0,0.0,1961.7346999584697
nucifraga_corvidae_genus,nucifraga_corvidae,gpt-4o,genus,obscure,disputed,Nucifraga,Corvidae,Passeriformes,4.0,2,4,2,4,138,6758,2.0,3.0,4.0,2.0,0.5,True,True,0.8,0.2333333333333333,0.05833333333333333,0.2333333333333333,1.0,0.25,-0.25,2186.2927000038326
order_accipitriformes,accipiter_accipitridae,gpt-4o,order,,disputed,Accipiter,Accipitridae,Accipitriformes,263.0,250,263,13,9,254,263,230.0,250.0,270.0,40.0,0.1520912547528517,True,True,0.8,3.5,0.013307984790874524,3.5,13.0,0.049429657794676805,-0.049429657794676805,2808.42220003251
order_anseriformes,anas_anatidae,gpt-4o,order,,disputed,Anas,Anatidae,Anseriformes,178.0,166,178,12,32,174,178,160.0,170.0,180.0,20.0,0.11235955056179775,True,True,0.8,2.0,0.011235955056179775,2.0,8.0,0.0449438202247191,-0.0449438202247191,3607.352099963464
order_apodiformes,archilochus_trochilidae,gpt-4o,order,,disputed,Archilochus,Trochilidae,Apodiformes,478.0,432,478,46,2,366,478,420.0,450.0,480.0,60.0,0.12552301255230125,True,True,0.8,6.666666666666667,0.01394700139470014,6.666666666666667,28.0,0.058577405857740586,-0.058577405857740586,3934.8021000041626
order_charadriiformes,fratercula_alcidae,gpt-4o,order,,disputed,Fratercula,Alcidae,Charadriiformes,394.0,374,394,20,3,25,394,350.0,380.0,410.0,60.0,0.15228426395939088,True,True,0.8,4.333333333333333,0.010998307952622672,4.333333333333333,14.0,0.03553299492385787,-0.03553299492385787,3097.4005999742076
order_columbiformes,columba_columbidae,gpt-4o,order,,disputed,Columba,Columbidae,Columbiformes,352.0,316,352,36,34,352,352,300.0,350.0,400.0,100.0,0.2840909090909091,True,True,0.8,3.6666666666666665,0.010416666666666666,3.6666666666666665,2.0,0.005681818181818182,-0.005681818181818182,4083.5373000008985
order_falconiformes,falco_falconidae,gpt-4o,order,,disputed,Falco,Falconidae,Falconiformes,65.0,64,65,1,39,65,65,60.0,65.0,70.0,10.0,0.15384615384615385,True,True,0.8,0.3333333333333333,0.005128205128205128,0.3333333333333333,0.0,0.0,0.0,3094.641399977263
order_galliformes,pavo_phasianidae,gpt-4o,order,,disputed,Pavo,Phasianidae,Galliformes,307.0,292,307,15,2,187,307,270.0,300.0,330.0,60.0,0.19543973941368079,True,True,0.8,3.1666666666666665,0.01031487513572204,3.1666666666666665,7.0,0.02280130293159609,-0.02280130293159609,4094.857199990656
order_passeriformes,corvus_corvidae,gpt-4o,order,,disputed,Corvus,Corvidae,Passeriformes,6758.0,6020,6758,738,50,138,6758,5500.0,6000.0,6500.0,1000.0,0.1479727730097662,False,False,0.8,245.66666666666666,0.03635197790273256,245.66666666666666,758.0,0.11216336194140278,-0.11216336194140278,3281.3967000111006
order_piciformes,ramphastos_ramphastidae,gpt-4o,order,,disputed,Ramphastos,Ramphastidae,Piciformes,444.0,406,444,38,8,38,444,400.0,450.0,500.0,100.0,0.22522522522522523,True,True,0.7,4.333333333333333,0.009759759759759758,4.333333333333333,6.0,0.013513513513513514,0.013513513513513514,3087.2044999850914
order_psittaciformes,amazona_psittacidae,gpt-4o,order,,disputed,Amazona,Psittacidae,Psittaciformes,409.0,379,409,30,32,181,409,350.0,400.0,450.0,100.0,0.24449877750611246,True,True,0.7,4.833333333333333,0.011817440912795435,4.833333333333333,9.0,0.022004889975550123,-0.022004889975550123,4561.8549000355415
order_sphenisciformes,aptenodytes_spheniscidae,gpt-4o,order,,disputed,Aptenodytes,Spheniscidae,Sphenisciformes,19.0,16,19,3,2,19,19,17.0,18.0,20.0,3.0,0.15789473684210525,False,True,0.85,0.26666666666666666,0.014035087719298246,0.26666666666666666,1.0,0.05263157894736842,-0.05263157894736842,2995.1885999762453
order_strigiformes,bubo_strigidae,gpt-4o,order,,disputed,Bubo,Strigidae,Strigiformes,256.0,214,256,42,12,236,256,220.0,240.0,260.0,40.0,0.15625,False,True,0.8,4.0,0.015625,4.0,16.0,0.0625,-0.0625,3470.244999974966
pavo_phasianidae_genus,pavo_phasianidae,gpt-4o,genus,well_known,undisputed,Pavo,Phasianidae,Galliformes,2.0,2,2,0,2,187,307,2.0,2.0,3.0,1.0,0.5,True,True,0.9,0.033333333333333326,0.016666666666666663,0.033333333333333326,0.0,0.0,0.0,1794.2442999919876
pitta_pittidae_genus,pitta_pittidae,gpt-4o,genus,well_known,disputed,Pitta,Pittidae,Passeriformes,20.0,13,20,7,20,46,6758,30.0,35.0,40.0,10.0,0.5,False,False,0.8,6.166666666666667,0.30833333333333335,6.166666666666667,15.0,0.75,0.75,2880.13740000315
ramphastos_ramphastidae_genus,ramphastos_ramphastidae,gpt-4o,genus,well_known,disputed,Ramphastos,Ramphastidae,Piciformes,8.0,7,8,1,8,38,444,5.0,7.0,9.0,4.0,0.5,True,True,0.8,0.3,0.0375,0.3,1.0,0.125,-0.125,2945.2448000083677
sarkidiornis_anatidae_genus,sarkidiornis_anatidae,gpt-4o,genus,obscure,disputed,Sarkidiornis,Anatidae,Anseriformes,2.0,1,2,1,2,174,178,1.0,2.0,2.0,1.0,0.5,True,True,0.9,0.03333333333333333,0.016666666666666666,0.03333333333333333,0.0,0.0,0.0,3184.8965999670327
selenidera_ramphastidae_genus,selenidera_ramphastidae,gpt-4o,genus,obscure,undisputed,Selenidera,Ramphastidae,Piciformes,6.0,6,6,0,6,38,444,5.0,6.0,7.0,2.0,0.3333333333333333,True,True,0.8,0.06666666666666667,0.011111111111111112,0.06666666666666667,0.0,0.0,0.0,2874.489600013476
synthliboramphus_alcidae_genus,synthliboramphus_alcidae,gpt-4o,genus,obscure,undisputed,Synthliboramphus,Alcidae,Charadriiformes,5.0,5,5,0,5,25,394,4.0,5.0,6.0,2.0,0.4,True,True,0.8,0.06666666666666667,0.013333333333333332,0.06666666666666667,0.0,0.0,0.0,2868.1555000366643
urotriorchis_accipitridae_genus,urotriorchis_accipitridae,gpt-4o,genus,obscure,undisputed,Urotriorchis,Accipitridae,Accipitriformes,1.0,1,1,0,1,254,263,1.0,1.0,1.0,0.0,0.0,True,True,0.95,0.0,0.0,0.0,0.0,0.0,0.0,3035.5467000044882
xenoglaux_strigidae_genus,xenoglaux_strigidae,gpt-4o,genus,obscure,undisputed,Xenoglaux,Strigidae,Strigiformes,1.0,1,1,0,1,236,256,1.0,1.0,1.0,0.0,0.0,True,True,0.95,0.0,0.0,0.0,0.0,0.0,0.0,3012.8964000032283
accipiter_accipitridae_genus,accipiter_accipitridae,claude-haiku-4-5,genus,well_known,disputed,Accipiter,Accipitridae,Accipitriformes,9.0,6,9,3,9,254,263,45.0,52.0,60.0,15.0,1.6666666666666667,False,False,0.72,19.666666666666668,2.185185185185185,19.666666666666668,43.0,4.777777777777778,4.777777777777778,4840.3670999687165
amazona_psittacidae_genus,amazona_psittacidae,claude-haiku-4-5,genus,well_known,disputed,Amazona,Psittacidae,Psittaciformes,32.0,30,32,2,32,181,409,28.0,32.0,36.0,8.0,0.25,True,True,0.72,0.26666666666666666,0.008333333333333333,0.26666666666666666,0.0,0.0,0.0,2983.5642999969423
anas_anatidae_genus,anas_anatidae,claude-haiku-4-5,genus,well_known,disputed,Anas,Anatidae,Anseriformes,32.0,26,32,6,32,174,178,8.0,10.0,12.0,4.0,0.125,False,False,0.72,10.466666666666667,0.32708333333333334,10.466666666666667,22.0,0.6875,-0.6875,2428.9382999995723
aptenodytes_spheniscidae_genus,aptenodytes_spheniscidae,claude-haiku-4-5,genus,well_known,undisputed,Aptenodytes,Spheniscidae,Sphenisciformes,2.0,2,2,0,2,19,19,1.0,2.0,3.0,2.0,1.0,True,True,0.92,0.06666666666666667,0.03333333333333333,0.06666666666666667,0.0,0.0,0.0,2306.5953999757767
archilochus_trochilidae_genus,archilochus_trochilidae,claude-haiku-4-5,genus,well_known,undisputed,Archilochus,Trochilidae,Apodiformes,2.0,2,2,0,2,366,478,2.0,3.0,4.0,2.0,1.0,True,True,0.75,0.2333333333333333,0.11666666666666665,0.2333333333333333,1.0,0.5,0.5,3554.638400033582
bolborhynchus_psittacidae_genus,bolborhynchus_psittacidae,claude-haiku-4-5,genus,obscure,undisputed,Bolborhynchus,Psittacidae,Psittaciformes,3.0,3,3,0,3,181,409,3.0,4.0,5.0,2.0,0.6666666666666666,True,True,0.72,0.2333333333333333,0.07777777777777777,0.2333333333333333,1.0,0.3333333333333333,0.3333333333333333,2801.0903999675065
bubo_strigidae_genus,bubo_strigidae,claude-haiku-4-5,genus,well_known,disputed,Bubo,Strigidae,Strigiformes,12.0,7,12,5,12,236,256,8.0,10.0,12.0,4.0,0.3333333333333333,False,True,0.72,0.4666666666666666,0.03888888888888888,0.4666666666666666,2.0,0.16666666666666666,-0.16666666666666666,3286.6416999604553
carpodacus_fringillidae_genus,carpodacus_fringillidae,claude-haiku-4-5,genus,obscure,disputed,Carpodacus,Fringillidae,Passeriformes,28.0,26,28,2,28,238,6758,20.0,27.0,35.0,15.0,0.5357142857142857,True,True,0.65,0.6666666666666666,0.023809523809523808,0.6666666666666666,1.0,0.03571428571428571,-0.03571428571428571,3242.8030999726616
chaetocercus_trochilidae_genus,chaetocercus_trochilidae,claude-haiku-4-5,genus,obscure,undisputed,Chaetocercus,Trochilidae,Apodiformes,6.0,6,6,0,6,366,478,4.0,5.0,7.0,3.0,0.5,True,True,0.65,0.26666666666666666,0.044444444444444446,0.26666666666666666,1.0,0.16666666666666666,-0.16666666666666666,2664.3587999860756
claravis_columbidae_genus,claravis_columbidae,claude-haiku-4-5,genus,obscure,undisputed,Claravis,Columbidae,Columbiformes,1.0,1,1,0,1,352,352,3.0,4.0,5.0,2.0,2.0,False,False,0.65,1.2333333333333332,1.2333333333333332,1.2333333333333332,3.0,3.0,3.0,2664.3488999689
columba_columbidae_genus,columba_columbidae,claude-haiku-4-5,genus,well_known,undisputed,Columba,Columbidae,Columbiformes,34.0,34,34,0,34,352,352,8.0,10.0,13.0,5.0,0.14705882352941177,False,False,0.65,11.166666666666666,0.3284313725490196,11.166666666666666,24.0,0.7058823529411765,-0.7058823529411765,2665.021999971941
corvus_corvidae_genus,corvus_corvidae,claude-haiku-4-5,genus,well_known,disputed,Corvus,Corvidae,Passeriformes,50.0,41,50,9,50,138,6758,38.0,45.0,52.0,14.0,0.28,True,True,0.72,1.3,0.026000000000000002,1.3,5.0,0.1,-0.1,3028.3631999627687
erythropitta_pittidae_genus,erythropitta_pittidae,claude-haiku-4-5,genus,obscure,disputed,Erythropitta,Pittidae,Passeriformes,13.0,5,13,8,13,46,6758,3.0,5.0,7.0,4.0,0.3076923076923077,False,False,0.55,3.466666666666667,0.26666666666666666,3.466666666666667,8.0,0.6153846153846154,-0.6153846153846154,3895.2099999878556
eudyptula_spheniscidae_genus,eudyptula_spheniscidae,claude-haiku-4-5,genus,obscure,undisputed,Eudyptula,Spheniscidae,Sphenisciformes,1.0,1,1,0,1,19,19,1.0,2.0,3.0,2.0,2.0,True,True,0.75,0.2333333333333333,0.2333333333333333,0.2333333333333333,1.0,1.0,1.0,2941.723399970215
falco_falconidae_genus,falco_falconidae,claude-haiku-4-5,genus,well_known,disputed,Falco,Falconidae,Falconiformes,39.0,38,39,1,39,65,65,35.0,40.0,45.0,10.0,0.2564102564102564,True,True,0.72,0.5,0.01282051282051282,0.5,1.0,0.02564102564102564,0.02564102564102564,2452.393699961249
family_accipitridae,accipiter_accipitridae,claude-haiku-4-5,family,,disputed,Accipiter,Accipitridae,Accipitriformes,254.0,241,254,13,9,254,263,220.0,240.0,260.0,40.0,0.15748031496062992,True,True,0.72,3.6666666666666665,0.014435695538057743,3.6666666666666665,14.0,0.05511811023622047,-0.05511811023622047,2359.512700000778
family_alcidae,fratercula_alcidae,claude-haiku-4-5,family,,undisputed,Fratercula,Alcidae,Charadriiformes,25.0,25,25,0,3,25,394,20.0,25.0,30.0,10.0,0.4,True,True,0.72,0.3333333333333333,0.013333333333333332,0.3333333333333333,0.0,0.0,0.0,3302.004700002726
family_anatidae,anas_anatidae,claude-haiku-4-5,family,,disputed,Anas,Anatidae,Anseriformes,174.0,162,174,12,32,174,178,140.0,160.0,180.0,40.0,0.22988505747126436,True,True,0.72,3.6666666666666665,0.0210727969348659,3.6666666666666665,14.0,0.08045977011494253,-0.08045977011494253,2468.7122000032105
family_columbidae,columba_columbidae,claude-haiku-4-5,family,,disputed,Columba,Columbidae,Columbiformes,352.0,316,352,36,34,352,352,300.0,330.0,360.0,60.0,0.17045454545454544,True,True,0.72,5.666666666666667,0.016098484848484848,5.666666666666667,22.0,0.0625,-0.0625,2661.446899990551
family_corvidae,corvus_corvidae,claude-haiku-4-5,family,,disputed,Corvus,Corvidae,Passeriformes,138.0,123,138,15,50,138,6758,115.0,130.0,145.0,30.0,0.21739130434782608,True,True,0.72,2.3333333333333335,0.016908212560386476,2.3333333333333335,8.0,0.057971014492753624,-0.057971014492753624,2415.013000019826
family_falconidae,falco_falconidae,claude-haiku-4-5,family,,disputed,Falco,Falconidae,Falconiformes,65.0,64,65,1,39,65,65,60.0,67.0,75.0,15.0,0.23076923076923078,True,True,0.72,0.8333333333333334,0.012820512820512822,0.8333333333333334,2.0,0.03076923076923077,0.03076923076923077,3699.285000038799
family_fringillidae,fringilla_fringillidae,claude-haiku-4-5,family,,disputed,Fringilla,Fringillidae,Passeriformes,238.0,220,238,18,8,238,6758,200.0,230.0,260.0,60.0,0.25210084033613445,True,True,0.65,3.3333333333333335,0.014005602240896359,3.3333333333333335,8.0,0.03361344537815126,-0.03361344537815126,2537.1299000107683
family_phasianidae,pavo_phasianidae,claude-haiku-4-5,family,,disputed,Pavo,Phasianidae,Galliformes,187.0,178,187,9,2,187,307,155.0,180.0,210.0,55.0,0.29411764705882354,True,True,0.72,3.0,0.016042780748663103,3.0,7.0,0.0374331550802139,-0.0374331550802139,2807.468399987556
family_pittidae,pitta_pittidae,claude-haiku-4-5,family,,disputed,Pitta,Pittidae,Passeriformes,46.0,29,46,17,20,46,6758,28.0,32.0,36.0,8.0,0.17391304347826086,False,False,0.72,5.933333333333334,0.1289855072463768,5.933333333333334,14.0,0.30434782608695654,-0.30434782608695654,2855.868400016334
family_psittacidae,amazona_psittacidae,claude-haiku-4-5,family,,disputed,Amazona,Psittacidae,Psittaciformes,181.0,167,181,14,32,181,409,330.0,370.0,410.0,80.0,0.4419889502762431,False,False,0.72,83.83333333333333,0.4631675874769797,83.83333333333333,189.0,1.0441988950276244,1.0441988950276244,3823.126900009811
family_ramphastidae,ramphastos_ramphastidae,claude-haiku-4-5,family,,disputed,Ramphastos,Ramphastidae,Piciformes,38.0,34,38,4,8,38,444,35.0,42.0,50.0,15.0,0.39473684210526316,False,True,0.72,1.1666666666666665,0.030701754385964907,1.1666666666666665,4.0,0.10526315789473684,0.10526315789473684,2932.3729000170715
family_spheniscidae,aptenodytes_spheniscidae,claude-haiku-4-5,family,,disputed,Aptenodytes,Spheniscidae,Sphenisciformes,19.0,16,19,3,2,19,19,17.0,18.0,19.0,2.0,0.10526315789473684,False,True,0.85,0.2333333333333333,0.012280701754385963,0.2333333333333333,1.0,0.05263157894736842,-0.05263157894736842,2497.2982999752276
family_strigidae,bubo_strigidae,claude-haiku-4-5,family,,disputed,Bubo,Strigidae,Strigiformes,236.0,196,236,40,12,236,256,190.0,220.0,250.0,60.0,0.2542372881355932,True,True,0.72,4.666666666666667,0.01977401129943503,4.666666666666667,16.0,0.06779661016949153,-0.06779661016949153,3610.614200006239
family_trochilidae,archilochus_trochilidae,claude-haiku-4-5,family,,disputed,Archilochus,Trochilidae,Apodiformes,366.0,335,366,31,2,366,478,320.0,360.0,400.0,80.0,0.2185792349726776,True,True,0.75,3.6666666666666665,0.010018214936247723,3.6666666666666665,6.0,0.01639344262295082,-0.01639344262295082,2489.2199000460096
fratercula_alcidae_genus,fratercula_alcidae,claude-haiku-4-5,genus,well_known,undisputed,Fratercula,Alcidae,Charadriiformes,3.0,3,3,0,3,25,394,3.0,4.0,5.0,2.0,0.6666666666666666,True,True,0.85,0.2333333333333333,0.07777777777777777,0.2333333333333333,1.0,0.3333333333333333,0.3333333333333333,2662.8592999768443
fringilla_fringillidae_genus,fringilla_fringillidae,claude-haiku-4-5,genus,well_known,disputed,Fringilla,Fringillidae,Passeriformes,8.0,3,8,5,8,238,6758,3.0,4.0,5.0,2.0,0.25,False,False,0.72,1.7333333333333334,0.21666666666666667,1.7333333333333334,4.0,0.5,-0.5,2729.246500006411
ithaginis_phasianidae_genus,ithaginis_phasianidae,claude-haiku-4-5,genus,obscure,undisputed,Ithaginis,Phasianidae,Galliformes,1.0,1,1,0,1,187,307,1.0,2.0,3.0,2.0,2.0,True,True,0.65,0.2333333333333333,0.2333333333333333,0.2333333333333333,1.0,1.0,1.0,2928.6389999906532
microhierax_falconidae_genus,microhierax_falconidae,claude-haiku-4-5,genus,obscure,undisputed,Microhierax,Falconidae,Falconiformes,5.0,5,5,0,5,65,65,4.0,5.0,6.0,2.0,0.4,True,True,0.72,0.06666666666666667,0.013333333333333332,0.06666666666666667,0.0,0.0,0.0,2656.010399980005
nucifraga_corvidae_genus,nucifraga_corvidae,claude-haiku-4-5,genus,obscure,disputed,Nucifraga,Corvidae,Passeriformes,4.0,2,4,2,4,138,6758,2.0,3.0,4.0,2.0,0.5,True,True,0.72,0.2333333333333333,0.05833333333333333,0.2333333333333333,1.0,0.25,-0.25,2755.2797999815084
order_accipitriformes,accipiter_accipitridae,claude-haiku-4-5,order,,disputed,Accipiter,Accipitridae,Accipitriformes,263.0,250,263,13,9,254,263,220.0,250.0,280.0,60.0,0.22813688212927757,True,True,0.72,4.166666666666667,0.015842839036755388,4.166666666666667,13.0,0.049429657794676805,-0.049429657794676805,3603.2733999891207
order_anseriformes,anas_anatidae,claude-haiku-4-5,order,,disputed,Anas,Anatidae,Anseriformes,178.0,166,178,12,32,174,178,130.0,150.0,170.0,40.0,0.2247191011235955,False,False,0.72,8.666666666666666,0.04868913857677902,8.666666666666666,28.0,0.15730337078651685,-0.15730337078651685,3911.76310001174
order_apodiformes,archilochus_trochilidae,claude-haiku-4-5,order,,disputed,Archilochus,Trochilidae,Apodiformes,478.0,432,478,46,2,366,478,430.0,470.0,510.0,80.0,0.16736401673640167,True,True,0.72,4.0,0.008368200836820083,4.0,8.0,0.016736401673640166,-0.016736401673640166,3280.9844000148587
order_charadriiformes,fratercula_alcidae,claude-haiku-4-5,order,,disputed,Fratercula,Alcidae,Charadriiformes,394.0,374,394,20,3,25,394,320.0,360.0,400.0,80.0,0.20304568527918782,True,True,0.72,8.333333333333334,0.021150592216582064,8.333333333333334,34.0,0.08629441624365482,-0.08629441624365482,3444.87459998345
order_columbiformes,columba_columbidae,claude-haiku-4-5,order,,disputed,Columba,Columbidae,Columbiformes,352.0,316,352,36,34,352,352,300.0,350.0,400.0,100.0,0.2840909090909091,True,True,0.65,3.6666666666666665,0.010416666666666666,3.6666666666666665,2.0,0.005681818181818182,-0.005681818181818182,3499.4650000007823
order_falconiformes,falco_falconidae,claude-haiku-4-5,order,,disputed,Falco,Falconidae,Falconiformes,65.0,64,65,1,39,65,65,55.0,67.0,80.0,25.0,0.38461538461538464,True,True,0.65,1.1666666666666665,0.017948717948717947,1.1666666666666665,2.0,0.03076923076923077,0.03076923076923077,4051.36909999419
order_galliformes,pavo_phasianidae,claude-haiku-4-5,order,,disputed,Pavo,Phasianidae,Galliformes,307.0,292,307,15,2,187,307,280.0,310.0,340.0,60.0,0.19543973941368079,True,True,0.72,2.5,0.008143322475570033,2.5,3.0,0.009771986970684038,0.009771986970684038,3802.430399984587
order_passeriformes,corvus_corvidae,claude-haiku-4-5,order,,disputed,Corvus,Corvidae,Passeriformes,6758.0,6020,6758,738,50,138,6758,6200.0,6500.0,6900.0,700.0,0.10358094110683634,False,True,0.72,66.33333333333333,0.009815527276314491,66.33333333333333,258.0,0.03817697543651968,-0.03817697543651968,3752.424400008749
order_piciformes,ramphastos_ramphastidae,claude-haiku-4-5,order,,disputed,Ramphastos,Ramphastidae,Piciformes,444.0,406,444,38,8,38,444,380.0,420.0,460.0,80.0,0.18018018018018017,True,True,0.72,6.666666666666667,0.015015015015015015,6.666666666666667,24.0,0.05405405405405406,-0.05405405405405406,3352.4793999968097
order_psittaciformes,amazona_psittacidae,claude-haiku-4-5,order,,disputed,Amazona,Psittacidae,Psittaciformes,409.0,379,409,30,32,181,409,350.0,400.0,450.0,100.0,0.24449877750611246,True,True,0.72,4.833333333333333,0.011817440912795435,4.833333333333333,9.0,0.022004889975550123,-0.022004889975550123,3572.3650000290945
order_sphenisciformes,aptenodytes_spheniscidae,claude-haiku-4-5,order,,disputed,Aptenodytes,Spheniscidae,Sphenisciformes,19.0,16,19,3,2,19,19,17.0,18.0,19.0,2.0,0.10526315789473684,False,True,0.85,0.2333333333333333,0.012280701754385963,0.2333333333333333,1.0,0.05263157894736842,-0.05263157894736842,3909.286600013729
order_strigiformes,bubo_strigidae,claude-haiku-4-5,order,,disputed,Bubo,Strigidae,Strigiformes,256.0,214,256,42,12,236,256,190.0,220.0,250.0,60.0,0.234375,False,False,0.72,10.0,0.0390625,10.0,36.0,0.140625,-0.140625,3759.6136000356637
pavo_phasianidae_genus,pavo_phasianidae,claude-haiku-4-5,genus,well_known,undisputed,Pavo,Phasianidae,Galliformes,2.0,2,2,0,2,187,307,1.0,2.0,3.0,2.0,1.0,True,True,0.85,0.06666666666666667,0.03333333333333333,0.06666666666666667,0.0,0.0,0.0,2246.515200007707
pitta_pittidae_genus,pitta_pittidae,claude-haiku-4-5,genus,well_known,disputed,Pitta,Pittidae,Passeriformes,20.0,13,20,7,20,46,6758,28.0,32.0,36.0,8.0,0.4,False,False,0.72,4.933333333333333,0.24666666666666665,4.933333333333333,12.0,0.6,0.6,2313.477399991825
ramphastos_ramphastidae_genus,ramphastos_ramphastidae,claude-haiku-4-5,genus,well_known,disputed,Ramphastos,Ramphastidae,Piciformes,8.0,7,8,1,8,38,444,5.0,6.0,7.0,2.0,0.25,False,False,0.72,0.7333333333333334,0.09166666666666667,0.7333333333333334,2.0,0.25,-0.25,2255.6651000049897
sarkidiornis_anatidae_genus,sarkidiornis_anatidae,claude-haiku-4-5,genus,obscure,disputed,Sarkidiornis,Anatidae,Anseriformes,2.0,1,2,1,2,174,178,1.0,2.0,3.0,2.0,1.0,True,True,0.72,0.06666666666666667,0.03333333333333333,0.06666666666666667,0.0,0.0,0.0,2238.6527999769896
selenidera_ramphastidae_genus,selenidera_ramphastidae,claude-haiku-4-5,genus,obscure,undisputed,Selenidera,Ramphastidae,Piciformes,6.0,6,6,0,6,38,444,3.0,4.0,5.0,2.0,0.3333333333333333,False,False,0.72,0.7333333333333334,0.12222222222222223,0.7333333333333334,2.0,0.3333333333333333,-0.3333333333333333,2698.057500005234
synthliboramphus_alcidae_genus,synthliboramphus_alcidae,claude-haiku-4-5,genus,obscure,undisputed,Synthliboramphus,Alcidae,Charadriiformes,5.0,5,5,0,5,25,394,4.0,5.0,6.0,2.0,0.4,True,True,0.72,0.06666666666666667,0.013333333333333332,0.06666666666666667,0.0,0.0,0.0,2809.2846000217833
urotriorchis_accipitridae_genus,urotriorchis_accipitridae,claude-haiku-4-5,genus,obscure,undisputed,Urotriorchis,Accipitridae,Accipitriformes,1.0,1,1,0,1,254,263,1.0,1.0,2.0,1.0,1.0,True,True,0.65,0.033333333333333326,0.033333333333333326,0.033333333333333326,0.0,0.0,0.0,3110.399299999699
xenoglaux_strigidae_genus,xenoglaux_strigidae,claude-haiku-4-5,genus,obscure,undisputed,Xenoglaux,Strigidae,Strigiformes,1.0,1,1,0,1,236,256,1.0,1.0,2.0,1.0,1.0,True,True,0.75,0.033333333333333326,0.033333333333333326,0.033333333333333326,0.0,0.0,0.0,3577.187800023239
