taxonomic_level,name,ioc_species_count,authority_min,authority_max,authority_spread
genus,Abeillia,1,1,1,0
genus,Abroscopus,3,3,3,0
genus,Aburria,1,1,1,0
genus,Acanthagenys,1,1,1,0
genus,Acanthidops,1,1,1,0
genus,Acanthis,1,1,1,0
genus,Acanthisitta,1,1,1,0
genus,Acanthiza,14,14,14,0
genus,Acanthorhynchus,2,2,2,0
genus,Acanthornis,1,1,1,0
genus,Accipiter,9,6,9,3
genus,Aceros,1,1,1,0
genus,Achaetops,1,1,1,0
genus,Acridotheres,11,10,11,1
genus,Acritillas,1,1,1,0
genus,Acrobatornis,1,1,1,0
genus,Acrocephalus,42,42,42,0
genus,Acrochordopus,2,1,2,1
genus,Acropternis,1,1,1,0
genus,Acryllium,1,1,1,0
genus,Actenoides,6,6,6,0
genus,Actinodura,9,9,9,0
genus,Actitis,2,2,2,0
genus,Actophilornis,2,2,2,0
genus,Adelomyia,1,1,1,0
genus,Aechmophorus,2,2,2,0
genus,Aegithalos,9,7,9,2
genus,Aegithina,4,4,4,0
genus,Aegolius,5,5,5,0
genus,Aegotheles,10,9,10,1
genus,Aegypius,1,1,1,0
genus,Aenigmatolimnas,1,1,1,0
genus,Aepypodius,2,2,2,0
genus,Aerodramus,25,23,25,2
genus,Aeronautes,3,3,3,0
genus,Aerospiza,2,2,2,0
genus,Aethia,4,4,4,0
genus,Aethomyias,6,6,6,0
genus,Aethopyga,21,20,21,1
genus,Afropavo,1,1,1,0
genus,Afrotis,2,2,2,0
genus,Agamia,1,1,1,0
genus,Agapornis,9,9,9,0
genus,Agelaioides,2,1,2,1
genus,Agelaius,5,5,5,0
genus,Agelastes,2,2,2,0
genus,Agelasticus,3,3,3,0
genus,Aglaeactis,4,4,4,0
genus,Aglaiocercus,3,3,3,0
genus,Agraphospiza,1,1,1,0
genus,Agricola,2,2,2,0
genus,Agriornis,5,5,5,0
genus,Agropsar,2,2,2,0
genus,Ailuroedus,6,2,6,4
genus,Aimophila,3,3,3,0
genus,Aix,2,2,2,0
genus,Akialoa,4,4,4,0
genus,Akletos,2,2,2,0
genus,Alaemon,2,2,2,0
genus,Alauda,4,4,4,0
genus,Alaudala,5,4,5,1
genus,Alca,1,1,1,0
genus,Alcedo,8,7,8,1
genus,Alcippe,10,7,10,3
genus,Alcurus,1,1,1,0
genus,Aleadryas,1,1,1,0
genus,Alectoris,7,7,7,0
genus,Alectroenas,4,4,4,0
genus,Alectrurus,2,2,2,0
genus,Alectura,1,1,1,0
genus,Alethe,2,2,2,0
genus,Alipiopsitta,1,1,1,0
genus,Alisterus,3,3,3,0
genus,Alle,1,1,1,0
genus,Allenia,1,1,1,0
genus,Alophoixus,8,6,8,2
genus,Alopochelidon,1,1,1,0
genus,Alopochen,3,3,3,0
genus,Amadina,2,2,2,0
genus,Amalocichla,2,2,2,0
genus,Amandava,3,3,3,0
genus,Amaurolimnas,1,1,1,0
genus,Amaurornis,5,5,5,0
genus,Amaurospiza,4,1,4,3
genus,Amazilia,4,4,4,0
genus,Amazilis,1,1,1,0
genus,Amazona,32,30,32,2
genus,Amazonetta,1,1,1,0
genus,Amblycercus,1,1,1,0
genus,Amblyornis,5,4,5,1
genus,Amblyospiza,1,1,1,0
genus,Amblyramphus,1,1,1,0
genus,Amirafra,3,3,3,0
genus,Ammodramus,3,3,3,0
genus,Ammomanes,3,3,3,0
genus,Ammomanopsis,1,1,1,0
genus,Ammonastes,1,1,1,0
genus,Ammoperdix,2,2,2,0
genus,Ammospiza,4,4,4,0
genus,Ampeliceps,1,1,1,0
genus,Ampelioides,1,1,1,0
genus,Ampelion,2,2,2,0
genus,Ampelornis,1,1,1,0
genus,Amphispiza,1,1,1,0
genus,Amphispizopsis,1,1,1,0
genus,Amytornis,14,11,14,3
genus,Anabacerthia,5,5,5,0
genus,Anabathmis,3,3,3,0
genus,Anabazenops,2,2,2,0
genus,Anairetes,6,6,6,0
genus,Anaplectes,2,1,2,1
genus,Anarhynchus,24,22,24,2
genus,Anas,32,26,32,6
genus,Anastomus,2,2,2,0
genus,Ancistrops,1,1,1,0
genus,Andigena,4,4,4,0
genus,Androdon,1,1,1,0
genus,Andropadus,1,1,1,0
genus,Androphobus,1,1,1,0
genus,Anhima,1,1,1,0
genus,Anhinga,4,4,4,0
genus,Anisognathus,5,5,5,0
genus,Anodorhynchus,3,3,3,0
genus,Anomalospiza,1,1,1,0
genus,Anopetia,1,1,1,0
genus,Anorrhinus,3,3,3,0
genus,Anous,5,5,5,0
genus,Anser,11,10,11,1
genus,Anseranas,1,1,1,0
genus,Anthipes,2,2,2,0
genus,Anthobaphes,1,1,1,0
genus,Anthocephala,2,1,2,1
genus,Anthochaera,5,5,5,0
genus,Anthornis,2,2,2,0
genus,Anthoscopus,6,6,6,0
genus,Anthracoceros,5,5,5,0
genus,Anthracothorax,8,7,8,1
genus,Anthreptes,15,13,15,2
genus,Anthus,46,42,46,4
genus,Antigone,4,4,4,0
genus,Antiurus,1,1,1,0
genus,Antrostomus,12,11,12,1
genus,Anumara,1,1,1,0
genus,Anumbius,1,1,1,0
genus,Anurolimnas,1,1,1,0
genus,Apalharpactes,2,2,2,0
genus,Apalis,26,18,26,8
genus,Apaloderma,3,3,3,0
genus,Apalopteron,1,1,1,0
genus,Aphanapteryx,1,1,1,0
genus,Aphanocrex,1,1,1,0
genus,Aphanotriccus,2,2,2,0
genus,Aphelocephala,3,3,3,0
genus,Aphelocoma,7,5,7,2
genus,Aphrastura,2,2,2,0
genus,Aphrodroma,1,1,1,0
genus,Aplonis,24,24,24,0
genus,Aplopelia,1,1,1,0
genus,Aprositornis,1,1,1,0
genus,Aprosmictus,2,2,2,0
genus,Aptenodytes,2,2,2,0
genus,Apteryx,5,5,5,0
genus,Apus,18,15,18,3
genus,Aquila,11,11,11,0
genus,Ara,9,9,9,0
genus,Arachnothera,13,12,13,1
genus,Aramides,8,7,8,1
genus,Aramidopsis,1,1,1,0
genus,Aramus,1,1,1,0
genus,Aratinga,6,6,6,0
genus,Arborophila,18,18,18,0
genus,Arcanator,1,1,1,0
genus,Archboldia,1,1,1,0
genus,Archilochus,2,2,2,0
genus,Ardea,16,13,16,3
genus,Ardenna,7,7,7,0
genus,Ardeola,6,6,6,0
genus,Ardeotis,4,4,4,0
genus,Arenaria,2,2,2,0
genus,Argusianus,1,1,1,0
genus,Argya,16,15,16,1
genus,Arizelocichla,10,6,10,4
genus,Arizelopsar,1,1,1,0
genus,Arremon,22,19,22,3
genus,Arremonops,4,4,4,0
genus,Arses,4,4,4,0
genus,Artamella,1,1,1,0
genus,Artamus,11,11,11,0
genus,Artemisiospiza,2,2,2,0
genus,Artisornis,2,2,2,0
genus,Artomyias,2,2,2,0
genus,Arundinax,1,1,1,0
genus,Arundinicola,1,1,1,0
genus,Asarcornis,1,1,1,0
genus,Asemospiza,2,2,2,0
genus,Ashbyia,1,1,1,0
genus,Asio,9,9,9,0
genus,Aspatha,1,1,1,0
genus,Asthenes,29,26,29,3
genus,Astrapia,5,5,5,0
genus,Astur,9,7,9,2
genus,Atalotriccus,1,1,1,0
genus,Atelornis,2,2,2,0
genus,Athene,9,6,9,3
genus,Atimastillas,2,1,2,1
genus,Atlapetes,33,30,33,3
genus,Atrichornis,2,2,2,0
genus,Atronanus,1,1,1,0
genus,Attagis,2,2,2,0
genus,Atticora,3,3,3,0
genus,Attila,7,7,7,0
genus,Augastes,2,2,2,0
genus,Aulacorhynchus,8,7,8,1
genus,Auriparus,1,1,1,0
genus,Automolus,11,8,11,3
genus,Aviceda,5,5,5,0
genus,Avocettula,1,1,1,0
genus,Aythya,12,12,12,0
genus,Baeolophus,5,5,5,0
genus,Baeopogon,2,2,2,0
genus,Balaeniceps,1,1,1,0
genus,Balearica,2,2,2,0
genus,Bambusicola,3,2,3,1
genus,Bangsia,6,6,6,0
genus,Barnardius,1,1,1,0
genus,Bartramia,1,1,1,0
genus,Baryphthengus,2,2,2,0
genus,Basileuterus,12,8,12,4
genus,Basilinna,2,2,2,0
genus,Basilornis,3,3,3,0
genus,Batara,1,1,1,0
genus,Bathmocercus,2,2,2,0
genus,Batis,20,18,20,2
genus,Batrachostomus,12,9,12,3
genus,Berenicornis,1,1,1,0
genus,Berlepschia,1,1,1,0
genus,Bermuteo,1,1,1,0
genus,Bernieria,1,1,1,0
genus,Bias,1,1,1,0
genus,Biatas,1,1,1,0
genus,Biziura,1,1,1,0
genus,Bleda,5,4,5,1
genus,Blythipicus,2,2,2,0
genus,Bocagia,1,1,1,0
genus,Boissonneaua,3,3,3,0
genus,Bolbopsittacus,1,1,1,0
genus,Bolborhynchus,3,3,3,0
genus,Bolemoreus,2,2,2,0
genus,Bombycilla,3,3,3,0
genus,Bonasa,1,1,1,0
genus,Bostrychia,5,5,5,0
genus,Botaurus,14,13,14,1
genus,Brachycope,1,1,1,0
genus,Brachygalba,4,4,4,0
genus,Brachypteracias,1,1,1,0
genus,Brachypteryx,10,3,10,7
genus,Brachyramphus,3,3,3,0
genus,Bradornis,3,3,3,0
genus,Bradypterus,12,12,12,0
genus,Branta,6,6,6,0
genus,Brotogeris,8,8,8,0
genus,Brunhilda,2,1,2,1
genus,Bubalornis,2,2,2,0
genus,Bubo,12,7,12,5
genus,Bucanetes,2,2,2,0
genus,Buccanodon,1,1,1,0
genus,Bucco,4,4,4,0
genus,Bucephala,3,3,3,0
genus,Buceros,3,3,3,0
genus,Bucorvus,2,2,2,0
genus,Bulweria,3,3,3,0
genus,Buphagus,2,2,2,0
genus,Burhinus,6,5,6,1
genus,Busarellus,1,1,1,0
genus,Butastur,4,4,4,0
genus,Buteo,28,26,28,2
genus,Buteogallus,9,9,9,0
genus,Buthraupis,1,1,1,0
genus,Butorides,4,1,4,3
genus,Bycanistes,6,6,6,0
genus,Cacatua,13,12,13,1
genus,Cacicus,10,10,10,0
genus,Cacomantis,11,7,11,4
genus,Cairina,1,1,1,0
genus,Calamanthus,3,3,3,0
genus,Calamonastes,4,3,4,1
genus,Calamonastides,1,1,1,0
genus,Calamospiza,1,1,1,0
genus,Calandrella,6,4,6,2
genus,Calcarius,3,3,3,0
genus,Calendulauda,8,8,8,0
genus,Calherodius,1,1,1,0
genus,Calicalicus,2,2,2,0
genus,Calidris,24,24,24,0
genus,Caliechthrus,1,1,1,0
genus,Caligavis,3,3,3,0
genus,Callacanthis,1,1,1,0
genus,Callaeas,2,2,2,0
genus,Calliope,5,4,5,1
genus,Callipepla,4,4,4,0
genus,Calliphlox,1,1,1,0
genus,Callocephalon,1,1,1,0
genus,Callonetta,1,1,1,0
genus,Calochaetes,1,1,1,0
genus,Caloenas,2,2,2,0
genus,Calonectris,4,4,4,0
genus,Caloperdix,1,1,1,0
genus,Caloramphus,2,1,2,1
genus,Calothorax,2,2,2,0
genus,Calypte,2,2,2,0
genus,Calyptocichla,1,1,1,0
genus,Calyptomena,3,3,3,0
genus,Calyptophilus,2,2,2,0
genus,Calyptorhynchus,2,2,2,0
genus,Calyptura,1,1,1,0
genus,Camarhynchus,5,5,5,0
genus,Camaroptera,5,3,5,2
genus,Campephaga,4,4,4,0
genus,Campephilus,12,11,12,1
genus,Campethera,10,8,10,2
genus,Campicoloides,1,1,1,0
genus,Campochaera,1,1,1,0
genus,Campocolinus,3,3,3,0
genus,Camptorhynchus,1,1,1,0
genus,Camptostoma,2,2,2,0
genus,Campylopterus,10,8,10,2
genus,Campylorhamphus,6,4,6,2
genus,Campylorhynchus,15,13,15,2
genus,Canachites,1,1,1,0
genus,Canirallus,1,1,1,0
genus,Cantorchilus,12,10,12,2
genus,Capito,11,11,11,0
genus,Caprimulgus,39,35,39,4
genus,Capsiempis,1,1,1,0
genus,Caracara,2,2,2,0
genus,Cardellina,5,5,5,0
genus,Cardinalis,3,3,3,0
genus,Carduelis,4,2,4,2
genus,Cariama,1,1,1,0
genus,Caridonax,1,1,1,0
genus,Carpococcyx,3,3,3,0
genus,Carpodacus,28,26,28,2
genus,Carpodectes,3,3,3,0
genus,Carpornis,2,2,2,0
genus,Carpospiza,1,1,1,0
genus,Carterornis,4,3,4,1
genus,Caryothraustes,2,2,2,0
genus,Casiornis,2,2,2,0
genus,Cassiculus,1,1,1,0
genus,Castanozoster,1,1,1,0
genus,Casuarius,3,3,3,0
genus,Catamblyrhynchus,1,1,1,0
genus,Catamenia,3,3,3,0
genus,Catharopeza,1,1,1,0
genus,Cathartes,3,3,3,0
genus,Catharus,13,12,13,1
genus,Catherpes,1,1,1,0
genus,Catreus,1,1,1,0
genus,Catriscus,1,1,1,0
genus,Ceblepyris,5,4,5,1
genus,Cecropis,9,6,9,3
genus,Celebesica,1,1,1,0
genus,Celeus,12,12,12,0
genus,Centrocercus,2,2,2,0
genus,Centronyx,2,2,2,0
genus,Centropus,29,26,29,3
genus,Cephalopterus,3,3,3,0
genus,Cephalopyrus,1,1,1,0
genus,Cepphus,3,3,3,0
genus,Ceratogymna,2,2,2,0
genus,Ceratopipra,5,5,5,0
genus,Cercibis,1,1,1,0
genus,Cercococcyx,3,3,3,0
genus,Cercomacra,7,7,7,0
genus,Cercomacroides,6,5,6,1
genus,Cercotrichas,5,5,5,0
genus,Cereopsis,1,1,1,0
genus,Cerorhinca,1,1,1,0
genus,Certhia,9,9,9,0
genus,Certhiasomus,1,1,1,0
genus,Certhiaxis,2,2,2,0
genus,Certhidea,2,2,2,0
genus,Certhilauda,4,4,4,0
genus,Certhionyx,1,1,1,0
genus,Ceryle,1,1,1,0
genus,Cettia,4,4,4,0
genus,Ceuthmochares,2,1,2,1
genus,Ceyx,23,9,23,14
genus,Chaetocercus,6,6,6,0
genus,Chaetops,2,1,2,1
genus,Chaetoptila,1,1,1,0
genus,Chaetorhynchus,1,1,1,0
genus,Chaetura,11,10,11,1
genus,Chalcites,8,8,8,0
genus,Chalcomitra,7,7,7,0
genus,Chalcoparia,1,1,1,0
genus,Chalcophaps,3,2,3,1
genus,Chalcopsitta,3,3,3,0
genus,Chalcostigma,5,5,5,0
genus,Chalcothraupis,1,1,1,0
genus,Chalybura,2,2,2,0
genus,Chamaea,1,1,1,0
genus,Chamaepetes,2,2,2,0
genus,Chamaetylas,4,4,4,0
genus,Chamaeza,6,6,6,0
genus,Charadrius,4,4,4,0
genus,Charitospiza,1,1,1,0
genus,Charminetta,1,1,1,0
genus,Charmosyna,3,2,3,1
genus,Charmosynoides,1,1,1,0
genus,Charmosynopsis,2,2,2,0
genus,Chasiempis,3,3,3,0
genus,Chauna,2,2,2,0
genus,Chelictinia,1,1,1,0
genus,Chelidoptera,1,1,1,0
genus,Chelidorhynx,1,1,1,0
genus,Chenonetta,1,1,1,0
genus,Chenorhamphus,2,1,2,1
genus,Cheramoeca,1,1,1,0
genus,Chersomanes,2,1,2,1
genus,Chersophilus,1,1,1,0
genus,Chionis,2,2,2,0
genus,Chionomesa,2,2,2,0
genus,Chiroxiphia,7,7,7,0
genus,Chlamydera,5,5,5,0
genus,Chlamydochaera,1,1,1,0
genus,Chlamydotis,2,2,2,0
genus,Chlidonias,4,4,4,0
genus,Chloebia,1,1,1,0
genus,Chloephaga,5,5,5,0
genus,Chlorestes,5,5,5,0
genus,Chloridops,1,1,1,0
genus,Chloris,6,5,6,1
genus,Chloroceryle,4,4,4,0
genus,Chlorochrysa,3,3,3,0
genus,Chlorocichla,5,5,5,0
genus,Chlorodrepanis,3,3,3,0
genus,Chlorophanes,1,1,1,0
genus,Chlorophoneus,6,6,6,0
genus,Chlorophonia,10,8,10,2
genus,Chloropicus,3,3,3,0
genus,Chloropipo,2,2,2,0
genus,Chloropsis,12,11,12,1
genus,Chlorornis,1,1,1,0
genus,Chlorospingus,8,8,8,0
genus,Chlorostilbon,10,9,10,1
genus,Chlorothraupis,4,3,4,1
genus,Chondestes,1,1,1,0
genus,Chondrohierax,2,1,2,1
genus,Chordeiles,6,6,6,0
genus,Chroicocephalus,10,10,10,0
genus,Chrysococcyx,6,6,6,0
genus,Chrysocolaptes,10,3,10,7
genus,Chrysocorythus,2,1,2,1
genus,Chrysolampis,1,1,1,0
genus,Chrysolophus,2,2,2,0
genus,Chrysomma,2,2,2,0
genus,Chrysomus,2,2,2,0
genus,Chrysophlegma,3,3,3,0
genus,Chrysothlypis,2,2,2,0
genus,Chrysuronia,10,10,10,0
genus,Chunga,1,1,1,0
genus,Cichladusa,3,3,3,0
genus,Cichlocolaptes,2,1,2,1
genus,Cichlopsis,1,1,1,0
genus,Cicinnurus,1,1,1,0
genus,Ciconia,8,7,8,1
genus,Cinclidium,1,1,1,0
genus,Cinclocerthia,2,2,2,0
genus,Cinclodes,15,15,15,0
genus,Cincloramphus,12,9,12,3
genus,Cinclosoma,8,6,8,2
genus,Cinclus,5,5,5,0
genus,Cinnycerthia,4,4,4,0
genus,Cinnyricinclus,1,1,1,0
genus,Cinnyris,63,51,63,12
genus,Circaetus,7,7,7,0
genus,Circus,16,14,16,2
genus,Ciridops,1,1,1,0
genus,Cissa,4,4,4,0
genus,Cissomela,1,1,1,0
genus,Cissopis,1,1,1,0
genus,Cisticola,53,45,53,8
genus,Cistothorus,5,4,5,1
genus,Cittura,2,1,2,1
genus,Cladorhynchus,1,1,1,0
genus,Clamator,4,4,4,0
genus,Clanga,3,3,3,0
genus,Clangula,1,1,1,0
genus,Claravis,1,1,1,0
genus,Cleptornis,1,1,1,0
genus,Clibanornis,5,5,5,0
genus,Climacteris,5,5,5,0
genus,Clytoctantes,2,2,2,0
genus,Clytomyias,1,1,1,0
genus,Clytorhynchus,5,5,5,0
genus,Clytospiza,1,1,1,0
genus,Cnemarchus,2,2,2,0
genus,Cnemathraupis,2,2,2,0
genus,Cnemophilus,2,2,2,0
genus,Cnemoscopus,2,1,2,1
genus,Cnemotriccus,1,1,1,0
genus,Cnipodectes,2,2,2,0
genus,Coccopygia,3,2,3,1
genus,Coccothraustes,1,1,1,0
genus,Coccycua,3,3,3,0
genus,Coccyzus,13,13,13,0
genus,Cochlearius,1,1,1,0
genus,Cochoa,4,4,4,0
genus,Coeligena,15,11,15,4
genus,Coenocorypha,5,3,5,2
genus,Coereba,1,1,1,0
genus,Colaptes,15,13,15,2
genus,Colibri,5,4,5,1
genus,Colinus,4,3,4,1
genus,Colius,4,4,4,0
genus,Collocalia,11,3,11,8
genus,Colluricincla,5,5,5,0
genus,Coloeus,2,2,2,0
genus,Colonia,1,1,1,0
genus,Colorhamphus,1,1,1,0
genus,Columba,34,34,34,0
genus,Columbina,9,9,9,0
genus,Compsothraupis,1,1,1,0
genus,Conioptilon,1,1,1,0
genus,Conirostrum,11,11,11,0
genus,Conopias,4,4,4,0
genus,Conopophaga,10,8,10,2
genus,Conopophila,3,3,3,0
genus,Conothraupis,2,2,2,0
genus,Contopus,16,14,16,2
genus,Conuropsis,1,1,1,0
genus,Copsychus,17,10,17,7
genus,Coracias,9,8,9,1
genus,Coracina,27,21,27,6
genus,Coracopsis,4,3,4,1
genus,Coracornis,2,2,2,0
genus,Coragyps,1,1,1,0
genus,Corapipo,3,2,3,1
genus,Corcorax,1,1,1,0
genus,Cormobates,2,2,2,0
genus,Corthylio,1,1,1,0
genus,Corvinella,1,1,1,0
genus,Corvus,50,41,50,9
genus,Corydon,1,1,1,0
genus,Corypha,11,5,11,6
genus,Coryphaspiza,1,1,1,0
genus,Coryphistera,1,1,1,0
genus,Coryphospingus,2,2,2,0
genus,Corythaeola,1,1,1,0
genus,Corythopis,2,2,2,0
genus,Corythornis,4,4,4,0
genus,Coscoroba,1,1,1,0
genus,Cossypha,8,8,8,0
genus,Cossyphicula,2,2,2,0
genus,Cotinga,7,7,7,0
genus,Coturnicops,2,2,2,0
genus,Coturnix,6,6,6,0
genus,Coua,11,10,11,1
genus,Cracticus,6,6,6,0
genus,Cranioleuca,20,18,20,2
genus,Crax,7,7,7,0
genus,Creagrus,1,1,1,0
genus,Creatophora,1,1,1,0
genus,Crecopsis,1,1,1,0
genus,Creurgops,2,2,2,0
genus,Crex,1,1,1,0
genus,Crinifer,5,5,5,0
genus,Criniger,5,5,5,0
genus,Crithagra,38,37,38,1
genus,Crossleyia,2,2,2,0
genus,Crossoptilon,4,4,4,0
genus,Crotophaga,3,3,3,0
genus,Crypsirina,2,2,2,0
genus,Cryptillas,1,1,1,0
genus,Cryptoleucopteryx,1,1,1,0
genus,Cryptolybia,1,1,1,0
genus,Cryptomicroeca,1,1,1,0
genus,Cryptopezus,1,1,1,0
genus,Cryptophaps,1,1,1,0
genus,Cryptopipo,2,1,2,1
genus,Cryptospiza,4,4,4,0
genus,Cryptosylvicola,1,1,1,0
genus,Crypturellus,21,21,21,0
genus,Cuculus,11,10,11,1
genus,Culicicapa,2,2,2,0
genus,Culicivora,1,1,1,0
genus,Curaeus,1,1,1,0
genus,Curruca,25,24,25,1
genus,Cursorius,5,5,5,0
genus,Cutia,2,1,2,1
genus,Cyanerpes,4,4,4,0
genus,Cyanicterus,1,1,1,0
genus,Cyanistes,3,3,3,0
genus,Cyanochen,1,1,1,0
genus,Cyanocitta,2,2,2,0
genus,Cyanocompsa,1,1,1,0
genus,Cyanocorax,19,19,19,0
genus,Cyanoderma,7,6,7,1
genus,Cyanograucalus,1,1,1,0
genus,Cyanolanius,2,1,2,1
genus,Cyanoliseus,1,1,1,0
genus,Cyanoloxia,4,3,4,1
genus,Cyanolyca,9,9,9,0
genus,Cyanomitra,7,7,7,0
genus,Cyanopica,2,1,2,1
genus,Cyanopsitta,1,1,1,0
genus,Cyanoptila,2,2,2,0
genus,Cyanoramphus,11,7,11,4
genus,Cyclarhis,2,2,2,0
genus,Cyclopsitta,4,4,4,0
genus,Cygnus,6,6,6,0
genus,Cymbilaimus,2,2,2,0
genus,Cymbirhynchus,1,1,1,0
genus,Cynanthus,6,4,6,2
genus,Cyornis,32,21,32,11
genus,Cyphorhinus,4,3,4,1
genus,Cypseloides,8,8,8,0
genus,Cypsiurus,3,2,3,1
genus,Cypsnagra,1,1,1,0
genus,Cyrtonyx,2,2,2,0
genus,Dacelo,5,5,5,0
genus,Dacnis,10,9,10,1
genus,Dactylortyx,1,1,1,0
genus,Daphoenositta,3,3,3,0
genus,Daption,1,1,1,0
genus,Daptrius,7,7,7,0
genus,Dasycrotapha,3,2,3,1
genus,Dasylophus,2,2,2,0
genus,Dasyornis,3,3,3,0
genus,Deconychura,3,1,3,2
genus,Delacourella,1,1,1,0
genus,Deleornis,2,1,2,1
genus,Delichon,4,3,4,1
genus,Dendragapus,2,2,2,0
genus,Dendrexetastes,1,1,1,0
genus,Dendrocincla,6,6,6,0
genus,Dendrocitta,7,7,7,0
genus,Dendrocolaptes,5,5,5,0
genus,Dendrocopos,12,11,12,1
genus,Dendrocoptes,3,3,3,0
genus,Dendrocygna,8,8,8,0
genus,Dendroma,2,2,2,0
genus,Dendronanthus,1,1,1,0
genus,Dendropicos,12,10,12,2
genus,Dendroplex,2,2,2,0
genus,Dendrortyx,3,3,3,0
genus,Deroptyus,1,1,1,0
genus,Dessonornis,4,4,4,0
genus,Devioeca,1,1,1,0
genus,Diaphorapteryx,1,1,1,0
genus,Dicaeum,44,32,44,12
genus,Dichrozona,1,1,1,0
genus,Dicrurus,28,22,28,6
genus,Didunculus,1,1,1,0
genus,Diglossa,19,18,19,1
genus,Dinemellia,1,1,1,0
genus,Dinopium,5,3,5,2
genus,Diomedea,6,2,6,4
genus,Diopsittaca,1,1,1,0
genus,Diphyllodes,2,2,2,0
genus,Discosura,5,5,5,0
genus,Diuca,1,1,1,0
genus,Dives,2,2,2,0
genus,Dolichonyx,1,1,1,0
genus,Doliornis,2,2,2,0
genus,Donacobius,1,1,1,0
genus,Donacospiza,1,1,1,0
genus,Doricha,2,2,2,0
genus,Doryfera,2,2,2,0
genus,Drepanis,3,3,3,0
genus,Drepanorhynchus,1,1,1,0
genus,Drepanornis,2,2,2,0
genus,Dreptes,1,1,1,0
genus,Driophlox,4,4,4,0
genus,Dromaius,1,1,1,0
genus,Dromas,1,1,1,0
genus,Dromococcyx,2,2,2,0
genus,Drymocichla,1,1,1,0
genus,Drymodes,3,3,3,0
genus,Drymophila,11,11,11,0
genus,Drymornis,1,1,1,0
genus,Drymotoxeres,1,1,1,0
genus,Dryobates,6,5,6,1
genus,Dryocopus,6,6,6,0
genus,Dryolimnas,2,2,2,0
genus,Dryoscopus,6,6,6,0
genus,Dubusia,4,2,4,2
genus,Ducula,42,36,42,6
genus,Dulus,1,1,1,0
genus,Dumetella,1,1,1,0
genus,Dumetia,2,2,2,0
genus,Dyaphorophyia,3,2,3,1
genus,Dysithamnus,8,8,8,0
genus,Dysmorodrepanis,1,1,1,0
genus,Eclectus,5,2,5,3
genus,Ectopistes,1,1,1,0
genus,Edolisoma,31,18,31,13
genus,Egretta,12,12,12,0
genus,Elachura,1,1,1,0
genus,Elaenia,23,19,23,4
genus,Elanoides,1,1,1,0
genus,Elanus,4,4,4,0
genus,Elaphrornis,1,1,1,0
genus,Electron,2,2,2,0
genus,Eleoscytalopus,2,2,2,0
genus,Eleothreptus,2,2,2,0
genus,Elliotomyia,2,2,2,0
genus,Elminia,5,5,5,0
genus,Emarginata,3,3,3,0
genus,Emberiza,44,41,44,3
genus,Emberizoides,3,3,3,0
genus,Embernagra,2,2,2,0
genus,Emblema,3,3,3,0
genus,Eminia,1,1,1,0
genus,Empidonax,14,14,14,0
genus,Empidonomus,1,1,1,0
genus,Empidornis,1,1,1,0
genus,Enicognathus,2,2,2,0
genus,Enicurus,8,7,8,1
genus,Enodes,1,1,1,0
genus,Ensifera,1,1,1,0
genus,Entomodestes,2,2,2,0
genus,Entomyzon,1,1,1,0
genus,Eolophus,1,1,1,0
genus,Eophona,2,2,2,0
genus,Eopsaltria,6,6,6,0
genus,Eos,6,6,6,0
genus,Ephippiorhynchus,2,2,2,0
genus,Epimachus,2,2,2,0
genus,Epinecrophylla,8,7,8,1
genus,Epthianura,4,4,4,0
genus,Eremalauda,2,1,2,1
genus,Eremomela,10,9,10,1
genus,Eremophila,2,2,2,0
genus,Eremopterix,8,8,8,0
genus,Eriocnemis,11,11,11,0
genus,Erithacus,1,1,1,0
genus,Erpornis,1,1,1,0
genus,Erythrocercus,3,3,3,0
genus,Erythrogenys,7,3,7,4
genus,Erythrogonys,1,1,1,0
genus,Erythromachus,1,1,1,0
genus,Erythropitta,13,5,13,8
genus,Erythrotriorchis,2,2,2,0
genus,Erythrura,12,10,12,2
genus,Esacus,2,2,2,0
genus,Estrilda,11,9,11,2
genus,Eubucco,4,4,4,0
genus,Euchrepomis,4,4,4,0
genus,Eucometis,1,1,1,0
genus,Eudocimus,2,2,2,0
genus,Eudromia,2,2,2,0
genus,Eudromias,1,1,1,0
genus,Eudynamys,3,2,3,1
genus,Eudyptes,8,5,8,3
genus,Eudyptula,1,1,1,0
genus,Eugenes,2,1,2,1
genus,Eugerygone,1,1,1,0
genus,Eugralla,1,1,1,0
genus,Eulacestoma,1,1,1,0
genus,Eulampis,2,2,2,0
genus,Eulidia,1,1,1,0
genus,Eulipoa,1,1,1,0
genus,Eumomota,1,1,1,0
genus,Eumyias,11,11,11,0
genus,Euneornis,1,1,1,0
genus,Eunymphicus,2,2,2,0
genus,Euodice,2,2,2,0
genus,Eupetes,1,1,1,0
genus,Eupetomena,2,2,2,0
genus,Euphagus,2,2,2,0
genus,Eupherusa,5,5,5,0
genus,Euphonia,25,24,25,1
genus,Euplectes,18,16,18,2
genus,Eupodotis,2,2,2,0
genus,Eupsittula,5,5,5,0
genus,Euptilotis,1,1,1,0
genus,Euptilotus,1,1,1,0
genus,Eurillas,5,5,5,0
genus,Eurocephalus,2,2,2,0
genus,Eurostopodus,7,6,7,1
genus,Euryceros,1,1,1,0
genus,Eurylaimus,2,2,2,0
genus,Euryptila,1,1,1,0
genus,Eurypyga,1,1,1,0
genus,Eurystomus,4,4,4,0
genus,Euscarthmus,3,2,3,1
genus,Euschistospiza,2,2,2,0
genus,Eutoxeres,2,2,2,0
genus,Eutrichomyias,1,1,1,0
genus,Eutriorchis,1,1,1,0
genus,Falcipennis,1,1,1,0
genus,Falco,39,38,39,1
genus,Falculea,1,1,1,0
genus,Falcunculus,3,3,3,0
genus,Ferminia,1,1,1,0
genus,Ficedula,35,32,35,3
genus,Florisuga,2,2,2,0
genus,Fluvicola,3,3,3,0
genus,Formicarius,6,6,6,0
genus,Formicivora,9,8,9,1
genus,Forpus,9,7,9,2
genus,Foudia,7,6,7,1
genus,Foulehaio,3,1,3,2
genus,Francolinus,3,3,3,0
genus,Fraseria,8,8,8,0
genus,Fratercula,3,3,3,0
genus,Frederickena,3,2,3,1
genus,Fregata,5,5,5,0
genus,Fregetta,4,3,4,1
genus,Fregilupus,1,1,1,0
genus,Fringilla,8,3,8,5
genus,Fulica,11,11,11,0
genus,Fulmarus,2,2,2,0
genus,Fulvetta,8,5,8,3
genus,Furnarius,8,6,8,2
genus,Gactornis,1,1,1,0
genus,Galbalcyrhynchus,2,2,2,0
genus,Galbula,10,10,10,0
genus,Galerida,6,6,6,0
genus,Gallicolumba,7,7,7,0
genus,Gallicrex,1,1,1,0
genus,Gallinago,18,17,18,1
genus,Gallinula,7,6,7,1
genus,Gallirallus,18,18,18,0
genus,Gallirex,2,2,2,0
genus,Galloperdix,3,3,3,0
genus,Gallus,4,4,4,0
genus,Gampsonyx,1,1,1,0
genus,Gampsorhynchus,2,1,2,1
genus,Garritornis,1,1,1,0
genus,Garrodia,1,1,1,0
genus,Garrulax,14,11,14,3
genus,Garrulus,3,3,3,0
genus,Gavia,5,5,5,0
genus,Gavicalis,3,3,3,0
genus,Gecinulus,3,3,3,0
genus,Gelochelidon,2,1,2,1
genus,Geobiastes,1,1,1,0
genus,Geocerthia,1,1,1,0
genus,Geococcyx,2,2,2,0
genus,Geocolaptes,1,1,1,0
genus,Geoffroyus,3,3,3,0
genus,Geokichla,21,18,21,3
genus,Geopelia,5,5,5,0
genus,Geophaps,3,3,3,0
genus,Geositta,11,11,11,0
genus,Geospiza,9,6,9,3
genus,Geospizopsis,2,2,2,0
genus,Geothlypis,15,12,15,3
genus,Geotrygon,9,8,9,1
genus,Geranoaetus,3,3,3,0
genus,Geranospiza,1,1,1,0
genus,Geronticus,2,2,2,0
genus,Gerygone,20,16,20,4
genus,Glareola,8,8,8,0
genus,Glaucestrilda,3,3,3,0
genus,Glaucidium,29,25,29,4
genus,Glaucis,3,3,3,0
genus,Gliciphila,3,3,3,0
genus,Glossopsitta,1,1,1,0
genus,Glossoptilus,1,1,1,0
genus,Glycichaera,1,1,1,0
genus,Glyphorynchus,1,1,1,0
genus,Gnorimopsar,1,1,1,0
genus,Goldmania,2,2,2,0
genus,Goodfellowia,1,1,1,0
genus,Gorsachius,2,2,2,0
genus,Goura,4,3,4,1
genus,Gracula,5,2,5,3
genus,Gracupica,4,2,4,2
genus,Grafisia,1,1,1,0
genus,Grallaria,47,32,47,15
genus,Grallaricula,10,9,10,1
genus,Grallina,2,2,2,0
genus,Graminicola,2,1,2,1
genus,Grammatoptila,1,1,1,0
genus,Granatellus,4,3,4,1
genus,Granatina,2,2,2,0
genus,Grandala,1,1,1,0
genus,Grantiella,1,1,1,0
genus,Graueria,1,1,1,0
genus,Graydidascalus,1,1,1,0
genus,Griseotyrannus,1,1,1,0
genus,Grus,8,8,8,0
genus,Guadalcanaria,1,1,1,0
genus,Guaruba,1,1,1,0
genus,Gubernatrix,1,1,1,0
genus,Gubernetes,1,1,1,0
genus,Guira,1,1,1,0
genus,Gulosus,1,1,1,0
genus,Guttera,4,2,4,2
genus,Guyramemua,1,1,1,0
genus,Gygis,3,1,3,2
genus,Gymnasio,1,1,1,0
genus,Gymnobucco,4,4,4,0
genus,Gymnocichla,1,1,1,0
genus,Gymnocrex,3,3,3,0
genus,Gymnoderus,1,1,1,0
genus,Gymnogyps,1,1,1,0
genus,Gymnomystax,1,1,1,0
genus,Gymnomyza,4,3,4,1
genus,Gymnophaps,4,3,4,1
genus,Gymnopithys,3,3,3,0
genus,Gymnorhina,1,1,1,0
genus,Gymnorhinus,1,1,1,0
genus,Gymnoris,4,4,4,0
genus,Gypaetus,1,1,1,0
genus,Gypohierax,1,1,1,0
genus,Gyps,8,8,8,0
genus,Gypsophila,6,4,6,2
genus,Habia,1,1,1,0
genus,Haematoderus,1,1,1,0
genus,Haematopus,12,11,12,1
genus,Haematortyx,1,1,1,0
genus,Haemorhous,3,3,3,0
genus,Hafferia,3,3,3,0
genus,Halcyon,12,11,12,1
genus,Haliaeetus,4,4,4,0
genus,Haliastur,2,2,2,0
genus,Halobaena,1,1,1,0
genus,Hamirostra,1,1,1,0
genus,Hapalopsittaca,4,4,4,0
genus,Hapaloptila,1,1,1,0
genus,Haplophaedia,3,3,3,0
genus,Haplospiza,2,2,2,0
genus,Harpactes,10,10,10,0
genus,Harpagus,2,2,2,0
genus,Harpia,1,1,1,0
genus,Harpyopsis,1,1,1,0
genus,Hartertula,1,1,1,0
genus,Hartlaubius,1,1,1,0
genus,Hedydipna,4,4,4,0
genus,Heinrichia,1,1,1,0
genus,Heleia,10,10,10,0
genus,Heliactin,1,1,1,0
genus,Heliangelus,9,8,9,1
genus,Helicolestes,1,1,1,0
genus,Heliobletus,1,1,1,0
genus,Heliodoxa,10,10,10,0
genus,Heliomaster,4,4,4,0
genus,Heliopais,1,1,1,0
genus,Heliornis,1,1,1,0
genus,Heliothraupis,1,1,1,0
genus,Heliothryx,2,2,2,0
genus,Hellmayrea,1,1,1,0
genus,Helmitheros,1,1,1,0
genus,Helopsaltes,6,6,6,0
genus,Hemicircus,2,2,2,0
genus,Hemignathus,4,4,4,0
genus,Hemimacronyx,1,1,1,0
genus,Hemiphaga,2,1,2,1
genus,Hemiprocne,4,4,4,0
genus,Hemipus,2,2,2,0
genus,Hemitesia,2,2,2,0
genus,Hemithraupis,3,3,3,0
genus,Hemitriccus,22,22,22,0
genus,Hemixos,3,1,3,2
genus,Henicopernis,2,2,2,0
genus,Henicophaps,2,2,2,0
genus,Henicorhina,5,4,5,1
genus,Herpetotheres,1,1,1,0
genus,Herpsilochmus,17,16,17,1
genus,Hesperiphona,2,2,2,0
genus,Hesperoburhinus,2,2,2,0
genus,Heteralocha,1,1,1,0
genus,Heterocercus,3,3,3,0
genus,Heteromirafra,2,2,2,0
genus,Heteromunia,1,1,1,0
genus,Heteromyias,3,2,3,1
genus,Heteronetta,1,1,1,0
genus,Heterophasia,7,7,7,0
genus,Heteroscenes,1,1,1,0
genus,Heterospingus,2,2,2,0
genus,Heterotetrax,3,3,3,0
genus,Heteroxenicus,1,1,1,0
genus,Heteroxolmis,1,1,1,0
genus,Hieraaetus,5,5,5,0
genus,Hierococcyx,8,7,8,1
genus,Himantopus,5,2,5,3
genus,Himantornis,1,1,1,0
genus,Himatione,2,2,2,0
genus,Hippolais,4,4,4,0
genus,Hirundapus,4,4,4,0
genus,Hirundinea,1,1,1,0
genus,Hirundo,16,14,16,2
genus,Histrionicus,1,1,1,0
genus,Histurgops,1,1,1,0
genus,Hoploxypterus,1,1,1,0
genus,Horizocerus,4,2,4,2
genus,Horornis,12,12,12,0
genus,Houbaropsis,1,1,1,0
genus,Humblotia,1,1,1,0
genus,Hydrobates,18,15,18,3
genus,Hydrochous,1,1,1,0
genus,Hydrocoloeus,1,1,1,0
genus,Hydrophasianus,1,1,1,0
genus,Hydroprogne,1,1,1,0
genus,Hydropsalis,4,4,4,0
genus,Hydrornis,13,11,13,2
genus,Hylacola,2,2,2,0
genus,Hylexetastes,3,2,3,1
genus,Hylia,1,1,1,0
genus,Hyliota,4,3,4,1
genus,Hylocharis,2,2,2,0
genus,Hylocichla,1,1,1,0
genus,Hylocitrea,1,1,1,0
genus,Hylomanes,1,1,1,0
genus,Hylonympha,1,1,1,0
genus,Hylopezus,6,4,6,2
genus,Hylophilus,8,8,8,0
genus,Hylophylax,3,3,3,0
genus,Hylopsar,2,2,2,0
genus,Hylorchilus,2,2,2,0
genus,Hymenolaimus,1,1,1,0
genus,Hymenops,1,1,1,0
genus,Hypargos,2,2,2,0
genus,Hypergerus,1,1,1,0
genus,Hypnelus,2,1,2,1
genus,Hypocharmosyna,2,2,2,0
genus,Hypocnemis,8,8,8,0
genus,Hypocnemoides,2,2,2,0
genus,Hypocolius,1,1,1,0
genus,Hypocryptadius,1,1,1,0
genus,Hypoedaleus,1,1,1,0
genus,Hypopyrrhus,1,1,1,0
genus,Hypositta,1,1,1,0
genus,Hypothymis,4,3,4,1
genus,Hypsipetes,26,17,26,9
genus,Ianthocincla,8,8,8,0
genus,Ibidorhyncha,1,1,1,0
genus,Ibycter,1,1,1,0
genus,Ichthyaetus,6,6,6,0
genus,Icteria,1,1,1,0
genus,Icterus,32,32,32,0
genus,Icthyophaga,6,6,6,0
genus,Ictinaetus,1,1,1,0
genus,Ictinia,2,2,2,0
genus,Idiopsar,4,4,4,0
genus,Iduna,6,6,6,0
genus,Ifrita,1,1,1,0
genus,Ilicura,1,1,1,0
genus,Illadopsis,9,8,9,1
genus,Incana,1,1,1,0
genus,Incaspiza,5,5,5,0
genus,Indicator,10,10,10,0
genus,Inezia,4,4,4,0
genus,Iodopleura,3,3,3,0
genus,Iole,7,5,7,2
genus,Irania,1,1,1,0
genus,Irediparra,1,1,1,0
genus,Irena,3,2,3,1
genus,Iridophanes,1,1,1,0
genus,Iridosornis,5,5,5,0
genus,Isleria,2,2,2,0
genus,Ispidina,2,2,2,0
genus,Ithaginis,1,1,1,0
genus,Ixodia,3,3,3,0
genus,Ixonotus,1,1,1,0
genus,Ixoreus,1,1,1,0
genus,Ixos,5,4,5,1
genus,Ixothraupis,5,5,5,0
genus,Jabiru,1,1,1,0
genus,Jacamaralcyon,1,1,1,0
genus,Jacamerops,1,1,1,0
genus,Jacana,2,2,2,0
genus,Jubula,1,1,1,0
genus,Junco,5,3,5,2
genus,Jynx,2,2,2,0
genus,Kakamega,1,1,1,0
genus,Kaupifalco,1,1,1,0
genus,Kempiella,2,2,2,0
genus,Kenopia,1,1,1,0
genus,Ketupa,12,12,12,0
genus,Klais,1,1,1,0
genus,Kleinothraupis,5,4,5,1
genus,Knipolegus,12,12,12,0
genus,Kurochkinegramma,1,1,1,0
genus,Lacedo,1,1,1,0
genus,Lafresnaya,1,1,1,0
genus,Lagonosticta,10,10,10,0
genus,Lagopus,4,3,4,1
genus,Lalage,20,18,20,2
genus,Lampornis,7,7,7,0
genus,Lamprolaima,1,1,1,0
genus,Lamprolia,2,1,2,1
genus,Lampropsar,1,1,1,0
genus,Lamprospiza,1,1,1,0
genus,Lamprotornis,22,22,22,0
genus,Laniarius,22,18,22,4
genus,Laniellus,2,2,2,0
genus,Laniisoma,2,1,2,1
genus,Lanio,4,4,4,0
genus,Laniocera,2,2,2,0
genus,Lanioturdus,1,1,1,0
genus,Lanius,30,29,30,1
genus,Larosterna,1,1,1,0
genus,Larus,25,22,25,3
genus,Larvivora,8,6,8,2
genus,Laterallus,11,11,11,0
genus,Lathamus,1,1,1,0
genus,Lathrotriccus,2,2,2,0
genus,Laticilla,2,1,2,1
genus,Legatus,1,1,1,0
genus,Leiopicus,1,1,1,0
genus,Leioptila,1,1,1,0
genus,Leiothlypis,6,6,6,0
genus,Leiothrix,2,2,2,0
genus,Leipoa,1,1,1,0
genus,Leistes,5,5,5,0
genus,Leonardina,1,1,1,0
genus,Lepidocolaptes,11,8,11,3
genus,Lepidopygia,1,1,1,0
genus,Lepidothrix,9,8,9,1
genus,Leptasthenura,9,9,9,0
genus,Leptocoma,6,5,6,1
genus,Leptodon,2,2,2,0
genus,Leptopoecile,2,2,2,0
genus,Leptopogon,4,4,4,0
genus,Leptopterus,1,1,1,0
genus,Leptoptilos,3,3,3,0
genus,Leptosittaca,1,1,1,0
genus,Leptosomus,1,1,1,0
genus,Leptotila,11,10,11,1
genus,Leptotrygon,1,1,1,0
genus,Lerwa,1,1,1,0
genus,Lesbia,2,2,2,0
genus,Lessonia,2,2,2,0
genus,Leucippus,1,1,1,0
genus,Leucocarbo,9,5,9,4
genus,Leucochloris,1,1,1,0
genus,Leucogeranus,1,1,1,0
genus,Leuconotopicus,6,6,6,0
genus,Leucopeza,1,1,1,0
genus,Leucophaeus,5,5,5,0
genus,Leucophantes,1,1,1,0
genus,Leucopsar,1,1,1,0
genus,Leucopternis,3,3,3,0
genus,Leucoptilon,1,1,1,0
genus,Leucosarcia,1,1,1,0
genus,Leucosticte,6,4,6,2
genus,Lewinia,4,4,4,0
genus,Lichenostomus,2,2,2,0
genus,Lichmera,9,9,9,0
genus,Limnoctites,2,2,2,0
genus,Limnodromus,3,3,3,0
genus,Limnornis,1,1,1,0
genus,Limnothlypis,1,1,1,0
genus,Limosa,4,4,4,0
genus,Linaria,4,4,4,0
genus,Linurgus,1,1,1,0
genus,Liocichla,5,5,5,0
genus,Lioparus,1,1,1,0
genus,Liosceles,1,1,1,0
genus,Lipaugus,9,9,9,0
genus,Lissotis,2,2,2,0
genus,Loboparadisea,1,1,1,0
genus,Lobotos,2,2,2,0
genus,Lochmias,1,1,1,0
genus,Locustella,23,18,23,5
genus,Loddigesia,1,1,1,0
genus,Lonchura,28,25,28,3
genus,Lophaetus,1,1,1,0
genus,Lophoceros,8,7,8,1
genus,Lophodytes,1,1,1,0
genus,Lophoictinia,1,1,1,0
genus,Lopholaimus,1,1,1,0
genus,Lophonetta,1,1,1,0
genus,Lophophanes,2,2,2,0
genus,Lophophorus,3,3,3,0
genus,Lophopsittacus,1,1,1,0
genus,Lophorina,3,1,3,2
genus,Lophornis,11,10,11,1
genus,Lophospingus,2,2,2,0
genus,Lophospiza,2,2,2,0
genus,Lophostrix,1,1,1,0
genus,Lophotibis,1,1,1,0
genus,Lophotis,3,3,3,0
genus,Lophotriccus,4,4,4,0
genus,Lophotriorchis,1,1,1,0
genus,Lophura,11,9,11,2
genus,Loriculus,15,13,15,2
genus,Loriotus,3,3,3,0
genus,Lorius,6,6,6,0
genus,Loxia,6,5,6,1
genus,Loxigilla,2,2,2,0
genus,Loxioides,1,1,1,0
genus,Loxipasser,1,1,1,0
genus,Loxops,5,5,5,0
genus,Lullula,1,1,1,0
genus,Lurocalis,2,2,2,0
genus,Luscinia,4,4,4,0
genus,Lybius,7,7,7,0
genus,Lycocorax,2,1,2,1
genus,Lymnocryptes,1,1,1,0
genus,Lyncornis,2,2,2,0
genus,Lyrurus,2,2,2,0
genus,Macgregoria,1,1,1,0
genus,Machaerirhynchus,2,2,2,0
genus,Machaeropterus,5,3,5,2
genus,Macheiramphus,1,1,1,0
genus,Machetornis,1,1,1,0
genus,Machlolophus,5,4,5,1
genus,Mackenziaena,2,2,2,0
genus,Macroagelaius,2,2,2,0
genus,Macrocephalon,1,1,1,0
genus,Macronectes,2,2,2,0
genus,Macronus,2,2,2,0
genus,Macronyx,8,8,8,0
genus,Macropygia,15,9,15,6
genus,Macrosphenus,5,5,5,0
genus,Magumma,1,1,1,0
genus,Malacocincla,3,3,3,0
genus,Malaconotus,6,6,6,0
genus,Malacopteron,6,6,6,0
genus,Malacoptila,7,7,7,0
genus,Malacorhynchus,1,1,1,0
genus,Malcorus,1,1,1,0
genus,Malia,1,1,1,0
genus,Malimbus,10,10,10,0
genus,Malindangia,1,1,1,0
genus,Malurus,12,11,12,1
genus,Manacus,4,1,4,3
genus,Mandingoa,1,1,1,0
genus,Manorina,4,3,4,1
genus,Manucodia,5,4,5,1
genus,Mareca,6,5,6,1
genus,Margarobyas,1,1,1,0
genus,Margaroperdix,1,1,1,0
genus,Margarops,1,1,1,0
genus,Margarornis,4,4,4,0
genus,Marmaronetta,1,1,1,0
genus,Mascarinus,1,1,1,0
genus,Masius,1,1,1,0
genus,Mayrimunia,2,1,2,1
genus,Mayrornis,3,3,3,0
genus,Mazaria,1,1,1,0
genus,Mearnsia,2,2,2,0
genus,Mecocerculus,6,6,6,0
genus,Megabyas,1,1,1,0
genus,Megaceryle,4,4,4,0
genus,Megacrex,1,1,1,0
genus,Megadyptes,1,1,1,0
genus,Megalampitta,1,1,1,0
genus,Megaloprepia,2,2,2,0
genus,Megalurus,1,1,1,0
genus,Megapodius,12,12,12,0
genus,Megarynchus,1,1,1,0
genus,Megascops,22,19,22,3
genus,Megastictus,1,1,1,0
genus,Megatriorchis,1,1,1,0
genus,Megaxenops,1,1,1,0
genus,Megazosterops,1,1,1,0
genus,Meiglyptes,4,3,4,1
genus,Melaenornis,7,7,7,0
genus,Melampitta,1,1,1,0
genus,Melamprosops,1,1,1,0
genus,Melanerpes,23,23,23,0
genus,Melaniparus,14,14,14,0
genus,Melanitta,6,4,6,2
genus,Melanocharis,8,6,8,2
genus,Melanochlora,1,1,1,0
genus,Melanocichla,2,2,2,0
genus,Melanocorypha,5,5,5,0
genus,Melanodera,2,2,2,0
genus,Melanodryas,7,7,7,0
genus,Melanopareia,4,4,4,0
genus,Melanoperdix,1,1,1,0
genus,Melanoptila,1,1,1,0
genus,Melanorectes,1,1,1,0
genus,Melanospiza,2,2,2,0
genus,Melanotis,2,2,2,0
genus,Meleagris,2,2,2,0
genus,Meliarchus,1,1,1,0
genus,Melichneutes,1,1,1,0
genus,Melidectes,6,6,6,0
genus,Melidora,1,1,1,0
genus,Melierax,3,3,3,0
genus,Melignomon,2,2,2,0
genus,Melilestes,1,1,1,0
genus,Melionyx,3,3,3,0
genus,Meliphacator,1,1,1,0
genus,Meliphaga,3,3,3,0
genus,Melipotes,4,4,4,0
genus,Melithreptus,7,7,7,0
genus,Melitograis,1,1,1,0
genus,Mellisuga,2,2,2,0
genus,Melloria,1,1,1,0
genus,Melocichla,1,1,1,0
genus,Melopsittacus,1,1,1,0
genus,Melopyrrha,5,3,5,2
genus,Melospiza,3,3,3,0
genus,Melozone,9,7,9,2
genus,Menelikornis,2,2,2,0
genus,Mentocrex,2,1,2,1
genus,Menura,2,2,2,0
genus,Merganetta,1,1,1,0
genus,Mergellus,1,1,1,0
genus,Mergus,5,5,5,0
genus,Meropogon,1,1,1,0
genus,Merops,28,24,28,4
genus,Merulaxis,2,2,2,0
genus,Mesembrinibis,1,1,1,0
genus,Mesitornis,2,2,2,0
genus,Metabolus,1,1,1,0
genus,Metallura,9,9,9,0
genus,Metopidius,1,1,1,0
genus,Metopothrix,1,1,1,0
genus,Metriopelia,4,4,4,0
genus,Micrastur,7,7,7,0
genus,Micrathene,1,1,1,0
genus,Microbates,2,2,2,0
genus,Microcarbo,5,5,5,0
genus,Microcerculus,4,4,4,0
genus,Microchera,3,3,3,0
genus,Microdynamis,1,1,1,0
genus,Microeca,3,3,3,0
genus,Microgoura,1,1,1,0
genus,Microhierax,5,5,5,0
genus,Microligea,1,1,1,0
genus,Micromacronus,2,1,2,1
genus,Micromonacha,1,1,1,0
genus,Micronisus,1,1,1,0
genus,Microparra,1,1,1,0
genus,Micropsitta,6,6,6,0
genus,Micropternus,1,1,1,0
genus,Microptilotis,10,9,10,1
genus,Microrhopias,1,1,1,0
genus,Microspingus,8,8,8,0
genus,Microspizias,2,2,2,0
genus,Microstilbon,1,1,1,0
genus,Microtarsus,6,6,6,0
genus,Microxenops,1,1,1,0
genus,Milvus,2,2,2,0
genus,Mimus,14,14,14,0
genus,Minla,1,1,1,0
genus,Mino,3,3,3,0
genus,Mionectes,7,5,7,2
genus,Mirafra,7,7,7,0
genus,Mitrephanes,2,2,2,0
genus,Mitrospingus,2,2,2,0
genus,Mitu,4,4,4,0
genus,Mixornis,5,3,5,2
genus,Mniotilta,1,1,1,0
genus,Modulatrix,1,1,1,0
genus,Moho,4,4,4,0
genus,Mohoua,3,2,3,1
genus,Molothrus,6,5,6,1
genus,Momotus,7,6,7,1
genus,Monachella,1,1,1,0
genus,Monarcha,7,7,7,0
genus,Monasa,4,4,4,0
genus,Monias,1,1,1,0
genus,Montecincla,4,2,4,2
genus,Monticola,14,13,14,1
genus,Montifringilla,3,3,3,0
genus,Morococcyx,1,1,1,0
genus,Morphnarchus,1,1,1,0
genus,Morphnus,1,1,1,0
genus,Morus,3,3,3,0
genus,Motacilla,13,13,13,0
genus,Moupinia,1,1,1,0
genus,Mulleripicus,4,3,4,1
genus,Mundia,1,1,1,0
genus,Muscicapa,17,14,17,3
genus,Muscigralla,1,1,1,0
genus,Muscipipra,1,1,1,0
genus,Muscisaxicola,12,12,12,0
genus,Mustelirallus,4,4,4,0
genus,Myadestes,13,12,13,1
genus,Mycerobas,4,4,4,0
genus,Mycteria,4,4,4,0
genus,Myiagra,21,16,21,5
genus,Myiarchus,23,22,23,1
genus,Myiobius,4,3,4,1
genus,Myioborus,12,12,12,0
genus,Myiodynastes,5,5,5,0
genus,Myiomela,3,2,3,1
genus,Myiopagis,9,7,9,2
genus,Myiophobus,8,6,8,2
genus,Myiopsitta,2,1,2,1
genus,Myiornis,4,4,4,0
genus,Myiotheretes,4,4,4,0
genus,Myiothlypis,18,16,18,2
genus,Myiotriccus,1,1,1,0
genus,Myiozetetes,4,4,4,0
genus,Myophonus,9,7,9,2
genus,Myopornis,1,1,1,0
genus,Myornis,1,1,1,0
genus,Myrmeciza,1,1,1,0
genus,Myrmecocichla,8,7,8,1
genus,Myrmelastes,8,8,8,0
genus,Myrmia,1,1,1,0
genus,Myrmoborus,5,5,5,0
genus,Myrmochanes,1,1,1,0
genus,Myrmoderus,5,4,5,1
genus,Myrmophylax,1,1,1,0
genus,Myrmorchilus,1,1,1,0
genus,Myrmornis,1,1,1,0
genus,Myrmothera,6,5,6,1
genus,Myrmotherula,25,24,25,1
genus,Myrtis,1,1,1,0
genus,Mystacornis,1,1,1,0
genus,Myza,2,2,2,0
genus,Myzomela,41,30,41,11
genus,Myzornis,1,1,1,0
genus,Namibornis,1,1,1,0
genus,Nannococcyx,1,1,1,0
genus,Nannopsittaca,2,2,2,0
genus,Nannopsittacus,3,3,3,0
genus,Nannopterum,3,3,3,0
genus,Napothera,6,3,6,3
genus,Nasica,1,1,1,0
genus,Neafrapus,2,2,2,0
genus,Necropsar,1,1,1,0
genus,Necropsittacus,1,1,1,0
genus,Necrosyrtes,1,1,1,0
genus,Nectarinia,6,6,6,0
genus,Nemosia,2,2,2,0
genus,Nengetus,1,1,1,0
genus,Neochen,1,1,1,0
genus,Neochmia,2,2,2,0
genus,Neocichla,1,1,1,0
genus,Neocossyphus,2,2,2,0
genus,Neoctantes,1,1,1,0
genus,Neodrepanis,2,2,2,0
genus,Neohierax,1,1,1,0
genus,Neolalage,1,1,1,0
genus,Neolestes,1,1,1,0
genus,Neomixis,3,3,3,0
genus,Neomorphus,5,4,5,1
genus,Neopelma,5,5,5,0
genus,Neophedina,1,1,1,0
genus,Neophema,6,6,6,0
genus,Neophilydor,2,2,2,0
genus,Neophron,1,1,1,0
genus,Neopipo,1,1,1,0
genus,Neopsephotus,1,1,1,0
genus,Neopsittacus,2,2,2,0
genus,Neosericornis,1,1,1,0
genus,Neothraupis,1,1,1,0
genus,Neotis,4,4,4,0
genus,Neoxolmis,4,4,4,0
genus,Nephelomyias,3,3,3,0
genus,Nephelornis,1,1,1,0
genus,Nesillas,6,5,6,1
genus,Nesocharis,2,2,2,0
genus,Nesoctites,1,1,1,0
genus,Nesoenas,3,3,3,0
genus,Nesofregetta,1,1,1,0
genus,Nesophlox,2,1,2,1
genus,Nesopsar,1,1,1,0
genus,Nesoptilotis,2,2,2,0
genus,Nesospingus,1,1,1,0
genus,Nesospiza,3,2,3,1
genus,Nesotriccus,4,2,4,2
genus,Nestor,3,3,3,0
genus,Netta,3,3,3,0
genus,Nettapus,3,3,3,0
genus,Newtonia,4,4,4,0
genus,Nicator,3,3,3,0
genus,Nigrita,4,4,4,0
genus,Nilaus,1,1,1,0
genus,Niltava,7,6,7,1
genus,Ninox,37,32,37,5
genus,Nipponia,1,1,1,0
genus,Nisaetus,10,8,10,2
genus,Nok,1,1,1,0
genus,Nomonyx,1,1,1,0
genus,Nonnula,6,6,6,0
genus,Northiella,2,1,2,1
genus,Notharchus,6,6,6,0
genus,Nothocercus,3,3,3,0
genus,Nothocrax,1,1,1,0
genus,Nothoprocta,6,6,6,0
genus,Nothura,4,4,4,0
genus,Notiomystis,1,1,1,0
genus,Notopholia,1,1,1,0
genus,Nucifraga,4,2,4,2
genus,Numenius,9,8,9,1
genus,Numida,1,1,1,0
genus,Nyctanassa,2,2,2,0
genus,Nyctibius,6,6,6,0
genus,Nycticorax,6,5,6,1
genus,Nycticryphes,1,1,1,0
genus,Nyctidromus,2,2,2,0
genus,Nyctiphrynus,4,4,4,0
genus,Nyctipolus,2,2,2,0
genus,Nyctiprogne,2,2,2,0
genus,Nyctyornis,2,2,2,0
genus,Nymphicus,1,1,1,0
genus,Nystalus,5,4,5,1
genus,Oceanites,3,2,3,1
genus,Ochetorhynchus,4,4,4,0
genus,Ochthoeca,9,6,9,3
genus,Ochthornis,1,1,1,0
genus,Ocreatus,3,1,3,2
genus,Ocyceros,3,3,3,0
genus,Ocyphaps,1,1,1,0
genus,Odontophorus,15,15,15,0
genus,Odontorchilus,2,2,2,0
genus,Oedistoma,2,2,2,0
genus,Oena,1,1,1,0
genus,Oenanthe,31,27,31,4
genus,Ognorhynchus,1,1,1,0
genus,Oncostoma,2,2,2,0
genus,Oneillornis,2,2,2,0
genus,Onychognathus,11,10,11,1
genus,Onychoprion,4,4,4,0
genus,Onychorhynchus,2,1,2,1
genus,Onychostruthus,1,1,1,0
genus,Ophrysia,1,1,1,0
genus,Opisthocomus,1,1,1,0
genus,Opisthoprora,1,1,1,0
genus,Oporornis,1,1,1,0
genus,Orchesticus,1,1,1,0
genus,Oreocharis,1,1,1,0
genus,Oreoica,1,1,1,0
genus,Oreolais,2,1,2,1
genus,Oreomystis,1,1,1,0
genus,Oreonympha,1,1,1,0
genus,Oreophasis,1,1,1,0
genus,Oreophilais,1,1,1,0
genus,Oreopholus,1,1,1,0
genus,Oreopsar,1,1,1,0
genus,Oreopsittacus,1,1,1,0
genus,Oreornis,1,1,1,0
genus,Oreortyx,1,1,1,0
genus,Oreoscoptes,1,1,1,0
genus,Oreoscopus,1,1,1,0
genus,Oreostruthus,1,1,1,0
genus,Oreothlypis,2,2,2,0
genus,Oreothraupis,1,1,1,0
genus,Oreotrochilus,7,5,7,2
genus,Origma,3,3,3,0
genus,Oriolia,1,1,1,0
genus,Oriolus,32,28,32,4
genus,Oriturus,1,1,1,0
genus,Ornithion,3,3,3,0
genus,Ornorectes,1,1,1,0
genus,Oroanassa,1,1,1,0
genus,Orochelidon,3,3,3,0
genus,Ortalis,16,15,16,1
genus,Orthogonys,1,1,1,0
genus,Orthonyx,3,3,3,0
genus,Orthopsittaca,1,1,1,0
genus,Orthorhyncus,1,1,1,0
genus,Orthotomus,13,13,13,0
genus,Ortygornis,3,3,3,0
genus,Ortygospiza,1,1,1,0
genus,Ortyxelos,1,1,1,0
genus,Otidiphaps,1,1,1,0
genus,Otis,1,1,1,0
genus,Otus,60,44,60,16
genus,Oxylabes,1,1,1,0
genus,Oxypogon,4,1,4,3
genus,Oxyruncus,1,1,1,0
genus,Oxyura,6,5,6,1
genus,Pachycare,1,1,1,0
genus,Pachycephala,53,38,53,15
genus,Pachycephalopsis,2,2,2,0
genus,Pachycoccyx,1,1,1,0
genus,Pachyglossa,7,7,7,0
genus,Pachyphantes,1,1,1,0
genus,Pachyptila,7,6,7,1
genus,Pachyramphus,17,16,17,1
genus,Pachysylvia,5,5,5,0
genus,Padda,2,2,2,0
genus,Pagodroma,1,1,1,0
genus,Pagophila,1,1,1,0
genus,Palmeria,1,1,1,0
genus,Paludipasser,1,1,1,0
genus,Pampa,3,2,3,1
genus,Pampusana,13,12,13,1
genus,Pandion,1,1,1,0
genus,Panterpe,1,1,1,0
genus,Panurus,1,1,1,0
genus,Panyptila,2,2,2,0
genus,Papasula,1,1,1,0
genus,Parabuteo,2,2,2,0
genus,Paraclaravis,2,2,2,0
genus,Paradigalla,2,2,2,0
genus,Paradisaea,6,6,6,0
genus,Paradisornis,1,1,1,0
genus,Paradoxornis,10,8,10,2
genus,Paragallinula,1,1,1,0
genus,Paramythia,2,1,2,1
genus,Parayuhina,1,1,1,0
genus,Pardalotus,4,4,4,0
genus,Pardipicus,2,2,2,0
genus,Pardirallus,3,3,3,0
genus,Parkerthraustes,1,1,1,0
genus,Parkesia,2,2,2,0
genus,Parmoptila,3,3,3,0
genus,Paroaria,6,6,6,0
genus,Paroreomyza,3,3,3,0
genus,Parotia,6,5,6,1
genus,Parus,3,2,3,1
genus,Parvipsitta,2,2,2,0
genus,Passer,28,22,28,6
genus,Passerculus,1,1,1,0
genus,Passerella,4,1,4,3
genus,Passerina,7,7,7,0
genus,Pastor,1,1,1,0
genus,Patagioenas,17,17,17,0
genus,Patagona,2,1,2,1
genus,Pauxi,3,3,3,0
genus,Pavo,2,2,2,0
genus,Pedionomus,1,1,1,0
genus,Pelagodroma,1,1,1,0
genus,Pelargopsis,3,3,3,0
genus,Pelecanoides,4,4,4,0
genus,Pelecanus,8,8,8,0
genus,Peliperdix,1,1,1,0
genus,Pellorneum,17,13,17,4
genus,Peltohyas,1,1,1,0
genus,Peltops,2,2,2,0
genus,Penelope,16,15,16,1
genus,Penelopides,5,4,5,1
genus,Penelopina,1,1,1,0
genus,Percnostola,2,2,2,0
genus,Perdicula,4,4,4,0
genus,Perdix,3,3,3,0
genus,Pericrocotus,15,13,15,2
genus,Periparus,6,6,6,0
genus,Periporphyrus,2,2,2,0
genus,Perisoreus,3,3,3,0
genus,Perissocephalus,1,1,1,0
genus,Pernis,4,4,4,0
genus,Petrochelidon,10,10,10,0
genus,Petroica,14,12,14,2
genus,Petronia,1,1,1,0
genus,Petrophassa,2,2,2,0
genus,Peucaea,8,8,8,0
genus,Peucedramus,1,1,1,0
genus,Pezopetes,1,1,1,0
genus,Pezophaps,1,1,1,0
genus,Pezoporus,2,2,2,0
genus,Phacellodomus,10,9,10,1
genus,Phaenicophaeus,7,6,7,1
genus,Phaenicophilus,2,2,2,0
genus,Phaenostictus,1,1,1,0
genus,Phaeochroa,1,1,1,0
genus,Phaeoptila,1,1,1,0
genus,Phaethon,3,3,3,0
genus,Phaethornis,27,26,27,1
genus,Phaetusa,1,1,1,0
genus,Phainopepla,1,1,1,0
genus,Phainoptila,1,1,1,0
genus,Phalacrocorax,11,11,11,0
genus,Phalaenoptilus,1,1,1,0
genus,Phalaropus,3,3,3,0
genus,Phapitreron,4,3,4,1
genus,Phaps,3,3,3,0
genus,Pharomachrus,5,5,5,0
genus,Phasianus,2,2,2,0
genus,Phedina,1,1,1,0
genus,Phedinopsis,1,1,1,0
genus,Phegornis,1,1,1,0
genus,Phelpsia,1,1,1,0
genus,Pheucticus,6,6,6,0
genus,Pheugopedius,13,12,13,1
genus,Phibalura,2,1,2,1
genus,Philemon,16,15,16,1
genus,Philentoma,2,2,2,0
genus,Philepitta,2,2,2,0
genus,Philesturnus,2,1,2,1
genus,Philetairus,1,1,1,0
genus,Philodice,2,2,2,0
genus,Philohydor,1,1,1,0
genus,Philortyx,1,1,1,0
genus,Philydor,3,3,3,0
genus,Phimosus,1,1,1,0
genus,Phlegopsis,3,3,3,0
genus,Phleocryptes,1,1,1,0
genus,Phlogophilus,2,2,2,0
genus,Phodilus,2,1,2,1
genus,Phoebastria,4,4,4,0
genus,Phoebetria,2,2,2,0
genus,Phoenicircus,2,2,2,0
genus,Phoeniconaias,1,1,1,0
genus,Phoenicoparrus,2,2,2,0
genus,Phoenicopterus,3,3,3,0
genus,Phoeniculus,5,5,5,0
genus,Phoenicurus,14,14,14,0
genus,Pholia,1,1,1,0
genus,Pholidornis,1,1,1,0
genus,Phonipara,1,1,1,0
genus,Phonygammus,1,1,1,0
genus,Phragmacia,1,1,1,0
genus,Phrygilus,4,4,4,0
genus,Phylidonyris,3,3,3,0
genus,Phyllaemulor,1,1,1,0
genus,Phyllastrephus,20,18,20,2
genus,Phyllergates,2,1,2,1
genus,Phyllolais,1,1,1,0
genus,Phyllomyias,9,9,9,0
genus,Phylloscartes,14,14,14,0
genus,Phylloscopus,81,75,81,6
genus,Phytotoma,3,3,3,0
genus,Piaya,3,2,3,1
genus,Pica,7,3,7,4
genus,Picathartes,2,2,2,0
genus,Picoides,3,2,3,1
genus,Piculus,7,7,7,0
genus,Picumnus,25,25,25,0
genus,Picus,14,12,14,2
genus,Piezorina,1,1,1,0
genus,Pilherodius,1,1,1,0
genus,Pinarochroa,1,1,1,0
genus,Pinarocorys,2,2,2,0
genus,Pinaroloxias,1,1,1,0
genus,Pinarornis,1,1,1,0
genus,Pinguinus,1,1,1,0
genus,Pinicola,1,1,1,0
genus,Pionites,2,2,2,0
genus,Pionopsitta,1,1,1,0
genus,Pionus,8,7,8,1
genus,Pipile,5,4,5,1
genus,Pipilo,5,5,5,0
genus,Pipra,3,3,3,0
genus,Pipraeidea,1,1,1,0
genus,Pipreola,11,11,11,0
genus,Piprites,3,3,3,0
genus,Piranga,11,9,11,2
genus,Pitangus,1,1,1,0
genus,Pithecophaga,1,1,1,0
genus,Pithys,2,2,2,0
genus,Pitohui,4,2,4,2
genus,Pitta,20,13,20,7
genus,Pittasoma,2,2,2,0
genus,Pityriasis,1,1,1,0
genus,Platalea,6,6,6,0
genus,Platycercus,6,6,6,0
genus,Platylophus,1,1,1,0
genus,Platyrinchus,7,7,7,0
genus,Platysmurus,2,1,2,1
genus,Platyspiza,1,1,1,0
genus,Platysteira,8,8,8,0
genus,Plectorhyncha,1,1,1,0
genus,Plectrophenax,2,2,2,0
genus,Plectropterus,1,1,1,0
genus,Plegadis,3,3,3,0
genus,Plesiodryas,1,1,1,0
genus,Plocealauda,5,5,5,0
genus,Plocepasser,4,4,4,0
genus,Ploceus,66,63,66,3
genus,Pluvialis,4,4,4,0
genus,Pluvianellus,1,1,1,0
genus,Pluvianus,1,1,1,0
genus,Pnoepyga,4,4,4,0
genus,Podargus,3,3,3,0
genus,Podica,1,1,1,0
genus,Podiceps,9,9,9,0
genus,Podilymbus,2,2,2,0
genus,Podoces,4,4,4,0
genus,Poecile,15,15,15,0
genus,Poecilodryas,3,3,3,0
genus,Poecilostreptus,2,2,2,0
genus,Poecilotriccus,12,12,12,0
genus,Poeoptera,3,3,3,0
genus,Poephila,3,3,3,0
genus,Pogoniulus,10,9,10,1
genus,Pogonocichla,1,1,1,0
genus,Pogonornis,5,5,5,0
genus,Pogonotriccus,9,9,9,0
genus,Poicephalus,10,9,10,1
genus,Poikilocarbo,1,1,1,0
genus,Polemaetus,1,1,1,0
genus,Polihierax,1,1,1,0
genus,Poliocephalus,2,2,2,0
genus,Poliocrania,1,1,1,0
genus,Poliolais,1,1,1,0
genus,Poliolimnas,1,1,1,0
genus,Polioptila,18,12,18,6
genus,Polyboroides,2,2,2,0
genus,Polyerata,3,3,3,0
genus,Polyonymus,1,1,1,0
genus,Polyplectron,8,8,8,0
genus,Polysticta,1,1,1,0
genus,Polystictus,2,2,2,0
genus,Polytelis,3,3,3,0
genus,Polytmus,3,3,3,0
genus,Pomarea,9,9,9,0
genus,Pomatorhinus,11,7,11,4
genus,Pomatostomus,4,4,4,0
genus,Poodytes,5,4,5,1
genus,Pooecetes,1,1,1,0
genus,Poospiza,10,9,10,1
genus,Poospizopsis,2,2,2,0
genus,Porphyrio,13,7,13,6
genus,Porphyriops,1,1,1,0
genus,Porphyrolaema,1,1,1,0
genus,Porzana,3,3,3,0
genus,Premnoplex,2,2,2,0
genus,Premnornis,1,1,1,0
genus,Primolius,3,3,3,0
genus,Prinia,29,23,29,6
genus,Prioniturus,10,10,10,0
genus,Prionochilus,5,5,5,0
genus,Prionodura,1,1,1,0
genus,Prionops,8,7,8,1
genus,Priotelus,2,2,2,0
genus,Probosciger,1,1,1,0
genus,Procarduelis,1,1,1,0
genus,Procellaria,5,5,5,0
genus,Procnias,4,4,4,0
genus,Prodotiscus,3,3,3,0
genus,Progne,9,9,9,0
genus,Promerops,2,2,2,0
genus,Prosobonia,4,4,4,0
genus,Prosopeia,3,3,3,0
genus,Prosthemadera,1,1,1,0
genus,Protonotaria,1,1,1,0
genus,Prunella,12,12,12,0
genus,Psalidoprocne,5,5,5,0
genus,Psaltriparus,1,1,1,0
genus,Psarisomus,1,1,1,0
genus,Psarocolius,9,9,9,0
genus,Psephotellus,4,4,4,0
genus,Psephotus,1,1,1,0
genus,Pseudasthenes,4,4,4,0
genus,Pseudastur,3,3,3,0
genus,Pseudelaenia,1,1,1,0
genus,Pseudeos,2,2,2,0
genus,Pseudhirundo,1,1,1,0
genus,Pseudibis,3,3,3,0
genus,Pseudobias,1,1,1,0
genus,Pseudobulweria,4,4,4,0
genus,Pseudocalyptomena,1,1,1,0
genus,Pseudochelidon,2,2,2,0
genus,Pseudocolaptes,3,2,3,1
genus,Pseudocolopteryx,5,5,5,0
genus,Pseudoleistes,2,2,2,0
genus,Pseudonestor,1,1,1,0
genus,Pseudonigrita,2,2,2,0
genus,Pseudopipra,1,1,1,0
genus,Pseudopodoces,1,1,1,0
genus,Pseudorectes,2,2,2,0
genus,Pseudosaltator,1,1,1,0
genus,Pseudoseisura,4,4,4,0
genus,Pseudospingus,2,2,2,0
genus,Pseudotriccus,3,3,3,0
genus,Psilopogon,33,28,33,5
genus,Psilopsiagon,2,2,2,0
genus,Psilorhamphus,1,1,1,0
genus,Psiloscops,1,1,1,0
genus,Psittacara,12,9,12,3
genus,Psittacella,4,4,4,0
genus,Psittacula,16,16,16,0
genus,Psittacus,2,1,2,1
genus,Psitteuteles,1,1,1,0
genus,Psittinus,2,1,2,1
genus,Psittirostra,1,1,1,0
genus,Psittrichas,1,1,1,0
genus,Psophia,3,3,3,0
genus,Psophodes,4,4,4,0
genus,Pteridophora,1,1,1,0
genus,Pternistis,23,23,23,0
genus,Pterocles,14,14,14,0
genus,Pterodroma,36,31,36,5
genus,Pteroglossus,12,10,12,2
genus,Pteronetta,1,1,1,0
genus,Pterophanes,1,1,1,0
genus,Pteroptochos,3,3,3,0
genus,Pterorhinus,23,18,23,5
genus,Pteruthius,7,6,7,1
genus,Ptilinopus,47,43,47,4
genus,Ptiliogonys,2,2,2,0
genus,Ptilocichla,3,3,3,0
genus,Ptilonorhynchus,1,1,1,0
genus,Ptilopachus,2,2,2,0
genus,Ptiloprora,6,6,6,0
genus,Ptilopsis,2,2,2,0
genus,Ptiloris,4,4,4,0
genus,Ptilorrhoa,4,4,4,0
genus,Ptilostomus,1,1,1,0
genus,Ptilotula,6,6,6,0
genus,Ptiloxena,1,1,1,0
genus,Ptychoramphus,1,1,1,0
genus,Ptyonoprogne,5,4,5,1
genus,Pucrasia,1,1,1,0
genus,Puffinus,21,13,21,8
genus,Pulsatrix,3,3,3,0
genus,Purnella,1,1,1,0
genus,Purpureicephalus,1,1,1,0
genus,Pycnonotus,31,26,31,5
genus,Pycnoptilus,1,1,1,0
genus,Pycnopygius,3,3,3,0
genus,Pygarrhichas,1,1,1,0
genus,Pygiptila,1,1,1,0
genus,Pygochelidon,2,2,2,0
genus,Pygoscelis,3,3,3,0
genus,Pyrenestes,3,3,3,0
genus,Pyrgilauda,4,4,4,0
genus,Pyriglena,5,3,5,2
genus,Pyrilia,7,7,7,0
genus,Pyrocephalus,2,1,2,1
genus,Pyroderus,1,1,1,0
genus,Pyrope,1,1,1,0
genus,Pyrrhocorax,2,2,2,0
genus,Pyrrholaemus,2,2,2,0
genus,Pyrrhomyias,1,1,1,0
genus,Pyrrhoplectes,1,1,1,0
genus,Pyrrhula,8,7,8,1
genus,Pyrrhura,26,23,26,3
genus,Pytilia,5,5,5,0
genus,Quechuavis,1,1,1,0
genus,Quelea,3,3,3,0
genus,Querula,1,1,1,0
genus,Quiscalus,7,7,7,0
genus,Radinopsyche,1,1,1,0
genus,Radjah,1,1,1,0
genus,Rallicula,4,4,4,0
genus,Rallina,4,4,4,0
genus,Rallus,14,10,14,4
genus,Ramosomyia,3,2,3,1
genus,Ramphastos,8,7,8,1
genus,Ramphiculus,9,7,9,2
genus,Ramphocaenus,2,1,2,1
genus,Ramphocelus,8,8,8,0
genus,Ramphocinclus,2,1,2,1
genus,Ramphocoris,1,1,1,0
genus,Ramphodon,1,1,1,0
genus,Ramphomicron,2,2,2,0
genus,Ramphotrigon,4,4,4,0
genus,Ramsayornis,2,2,2,0
genus,Randia,1,1,1,0
genus,Raphus,1,1,1,0
genus,Rauenia,1,1,1,0
genus,Recurvirostra,4,4,4,0
genus,Regulus,5,5,5,0
genus,Reinwardtoena,3,3,3,0
genus,Remiz,4,3,4,1
genus,Rhabdornis,4,2,4,2
genus,Rhabdotorrhinus,4,4,4,0
genus,Rhagologus,1,1,1,0
genus,Rhamphococcyx,1,1,1,0
genus,Rhaphidura,2,2,2,0
genus,Rhea,2,2,2,0
genus,Rhegmatorhina,5,5,5,0
genus,Rheinardia,2,1,2,1
genus,Rhinocrypta,1,1,1,0
genus,Rhinoplax,1,1,1,0
genus,Rhinopomastus,3,3,3,0
genus,Rhinoptilus,3,3,3,0
genus,Rhinortha,1,1,1,0
genus,Rhipidura,61,44,61,17
genus,Rhizothera,2,2,2,0
genus,Rhodacanthis,2,2,2,0
genus,Rhodinocichla,1,1,1,0
genus,Rhodonessa,1,1,1,0
genus,Rhodopechys,1,1,1,0
genus,Rhodophoneus,1,1,1,0
genus,Rhodopis,1,1,1,0
genus,Rhodospingus,1,1,1,0
genus,Rhodospiza,1,1,1,0
genus,Rhodostethia,1,1,1,0
genus,Rhopias,1,1,1,0
genus,Rhopophilus,2,1,2,1
genus,Rhopornis,1,1,1,0
genus,Rhopospina,4,4,4,0
genus,Rhynchocyclus,5,4,5,1
genus,Rhynchophanes,1,1,1,0
genus,Rhynchopsitta,2,2,2,0
genus,Rhynchortyx,1,1,1,0
genus,Rhynchospiza,3,2,3,1
genus,Rhynchostruthus,3,3,3,0
genus,Rhynchotus,2,2,2,0
genus,Rhynochetos,1,1,1,0
genus,Rhyticeros,6,6,6,0
genus,Rhytipterna,3,3,3,0
genus,Riccordia,5,5,5,0
genus,Ridgwayia,1,1,1,0
genus,Rigidipenna,1,1,1,0
genus,Riparia,6,4,6,2
genus,Rissa,2,2,2,0
genus,Robsonius,3,1,3,2
genus,Rollandia,2,2,2,0
genus,Rollulus,1,1,1,0
genus,Roraimia,1,1,1,0
genus,Rostratula,2,2,2,0
genus,Rostrhamus,1,1,1,0
genus,Rougetius,1,1,1,0
genus,Rowettia,1,1,1,0
genus,Rubigula,5,1,5,4
genus,Rufirallus,5,5,5,0
genus,Rukia,2,2,2,0
genus,Rupicola,2,2,2,0
genus,Rupornis,1,1,1,0
genus,Rynchops,3,3,3,0
genus,Sagittarius,1,1,1,0
genus,Sakesphoroides,1,1,1,0
genus,Sakesphorus,3,2,3,1
genus,Salpinctes,1,1,1,0
genus,Salpornis,2,2,2,0
genus,Saltator,16,14,16,2
genus,Saltatricula,2,2,2,0
genus,Salvadorina,1,1,1,0
genus,Sapayoa,1,1,1,0
genus,Sappho,1,1,1,0
genus,Sarcogyps,1,1,1,0
genus,Sarcophanops,2,1,2,1
genus,Sarcops,1,1,1,0
genus,Sarcoramphus,1,1,1,0
genus,Sarkidiornis,2,1,2,1
genus,Saroglossa,1,1,1,0
genus,Sarothrura,9,9,9,0
genus,Sasia,2,2,2,0
genus,Satrapa,1,1,1,0
genus,Saucerottia,11,9,11,2
genus,Saudareos,5,4,5,1
genus,Saundersilarus,1,1,1,0
genus,Saxicola,14,11,14,3
genus,Sayornis,3,3,3,0
genus,Scelorchilus,2,2,2,0
genus,Scenopoeetes,1,1,1,0
genus,Scepomycter,1,1,1,0
genus,Schetba,1,1,1,0
genus,Schiffornis,7,7,7,0
genus,Schistes,2,1,2,1
genus,Schistochlamys,2,2,2,0
genus,Schistolais,2,2,2,0
genus,Schoenicola,2,2,2,0
genus,Schoeniophylax,1,1,1,0
genus,Schoeniparus,7,6,7,1
genus,Schoutedenapus,1,1,1,0
genus,Sciaphylax,2,2,2,0
genus,Scissirostrum,1,1,1,0
genus,Sclateria,1,1,1,0
genus,Scleroptila,9,7,9,2
genus,Sclerurus,7,6,7,1
genus,Scolopax,8,8,8,0
genus,Scopus,1,1,1,0
genus,Scotocerca,1,1,1,0
genus,Scotopelia,3,3,3,0
genus,Scytalopus,49,40,49,9
genus,Scythrops,1,1,1,0
genus,Seiurus,1,1,1,0
genus,Selasphorus,9,9,9,0
genus,Selenidera,6,6,6,0
genus,Seleucidis,1,1,1,0
genus,Semioptera,1,1,1,0
genus,Semnornis,2,2,2,0
genus,Sephanoides,2,2,2,0
genus,Sericornis,7,4,7,3
genus,Sericossypha,1,1,1,0
genus,Sericulus,4,4,4,0
genus,Serilophus,2,1,2,1
genus,Serinus,8,8,8,0
genus,Serpophaga,5,5,5,0
genus,Setopagis,3,3,3,0
genus,Setophaga,37,34,37,3
genus,Setornis,1,1,1,0
genus,Sheppardia,11,10,11,1
genus,Sholicola,2,1,2,1
genus,Sialia,3,3,3,0
genus,Sibirionetta,1,1,1,0
genus,Sicalis,13,13,13,0
genus,Sigelus,1,1,1,0
genus,Silvicultrix,5,4,5,1
genus,Siphonorhis,2,2,2,0
genus,Sipia,4,4,4,0
genus,Sipodotus,1,1,1,0
genus,Siptornis,1,1,1,0
genus,Sirystes,4,4,4,0
genus,Sitta,29,25,29,4
genus,Sittasomus,1,1,1,0
genus,Sittiparus,5,2,5,3
genus,Smicrornis,1,1,1,0
genus,Smithornis,3,3,3,0
genus,Smutsornis,1,1,1,0
genus,Snowornis,2,2,2,0
genus,Somateria,3,3,3,0
genus,Spartonoica,1,1,1,0
genus,Spatula,10,10,10,0
genus,Speculanas,1,1,1,0
genus,Speculipastor,1,1,1,0
genus,Spelaeornis,8,8,8,0
genus,Spermestes,4,4,4,0
genus,Spermophaga,3,3,3,0
genus,Sphecotheres,3,3,3,0
genus,Spheniscus,4,4,4,0
genus,Sphenoeacus,1,1,1,0
genus,Sphenopsis,4,2,4,2
genus,Sphyrapicus,4,4,4,0
genus,Spilopelia,2,2,2,0
genus,Spiloptila,1,1,1,0
genus,Spilornis,6,5,6,1
genus,Spindalis,4,4,4,0
genus,Spinus,20,20,20,0
genus,Spiza,1,1,1,0
genus,Spizaetus,4,4,4,0
genus,Spizella,6,6,6,0
genus,Spizelloides,1,1,1,0
genus,Spiziapteryx,1,1,1,0
genus,Spizixos,2,2,2,0
genus,Spizocorys,7,7,7,0
genus,Spodiopsar,2,2,2,0
genus,Sporathraupis,1,1,1,0
genus,Sporophila,41,38,41,3
genus,Sporopipes,2,2,2,0
genus,Stachyris,13,12,13,1
genus,Stactolaema,3,3,3,0
genus,Stagonopleura,3,3,3,0
genus,Staphida,3,2,3,1
genus,Starnoenas,1,1,1,0
genus,Steatornis,1,1,1,0
genus,Stelgidillas,1,1,1,0
genus,Stelgidopteryx,2,2,2,0
genus,Stenostira,1,1,1,0
genus,Stephanoaetus,1,1,1,0
genus,Stephanophorus,1,1,1,0
genus,Stephanoxis,2,1,2,1
genus,Stercorarius,7,7,7,0
genus,Sterna,13,13,13,0
genus,Sternoclyta,1,1,1,0
genus,Sternula,7,7,7,0
genus,Sterrhoptilus,4,3,4,1
genus,Stictonetta,1,1,1,0
genus,Stigmatura,3,2,3,1
genus,Stilpnia,15,14,15,1
genus,Stiphrornis,3,1,3,2
genus,Stipiturus,3,3,3,0
genus,Stizoptera,1,1,1,0
genus,Stizorhina,2,1,2,1
genus,Stomiopera,2,2,2,0
genus,Strepera,3,3,3,0
genus,Streptocitta,2,2,2,0
genus,Streptopelia,15,13,15,2
genus,Streptoprocne,5,5,5,0
genus,Stresemannia,1,1,1,0
genus,Strigops,1,1,1,0
genus,Strix,22,19,22,3
genus,Struthidea,1,1,1,0
genus,Struthio,2,2,2,0
genus,Sturnella,3,2,3,1
genus,Sturnia,5,4,5,1
genus,Sturnornis,1,1,1,0
genus,Sturnus,2,2,2,0
genus,Sublegatus,3,3,3,0
genus,Sugomel,2,2,2,0
genus,Suiriri,1,1,1,0
genus,Sula,7,6,7,1
genus,Surnia,1,1,1,0
genus,Surniculus,4,1,4,3
genus,Suthora,12,11,12,1
genus,Swynnertonia,1,1,1,0
genus,Sylvia,7,6,7,1
genus,Sylvietta,9,9,9,0
genus,Sylviorthorhynchus,2,2,2,0
genus,Sylviparus,1,1,1,0
genus,Syma,2,2,2,0
genus,Symposiachrus,23,20,23,3
genus,Synallaxis,37,35,37,2
genus,Syndactyla,8,8,8,0
genus,Synoicus,4,4,4,0
genus,Synorhacma,1,1,1,0
genus,Synthliboramphus,5,5,5,0
genus,Sypheotides,1,1,1,0
genus,Syrigma,1,1,1,0
genus,Syrmaticus,5,5,5,0
genus,Syrrhaptes,2,2,2,0
genus,Syrtidicola,1,1,1,0
genus,Systellura,1,1,1,0
genus,Taccocua,1,1,1,0
genus,Tachornis,3,3,3,0
genus,Tachuris,1,1,1,0
genus,Tachybaptus,5,5,5,0
genus,Tachycineta,9,9,9,0
genus,Tachyeres,4,4,4,0
genus,Tachymarptis,2,2,2,0
genus,Tachyphonus,5,5,5,0
genus,Tachyspiza,27,27,27,0
genus,Tadorna,6,6,6,0
genus,Taenioptynx,2,1,2,1
genus,Taeniopygia,2,1,2,1
genus,Taeniotriccus,1,1,1,0
genus,Talaphorus,1,1,1,0
genus,Talegalla,3,3,3,0
genus,Tangara,28,27,28,1
genus,Tanygnathus,5,4,5,1
genus,Tanysiptera,9,8,9,1
genus,Taoniscus,1,1,1,0
genus,Tapera,1,1,1,0
genus,Taphrolesbia,1,1,1,0
genus,Taphrospilus,1,1,1,0
genus,Taraba,1,1,1,0
genus,Tarphonomus,2,2,2,0
genus,Tarsiger,8,6,8,2
genus,Tauraco,13,13,13,0
genus,Tchagra,4,4,4,0
genus,Telacanthura,2,2,2,0
genus,Teledromas,1,1,1,0
genus,Telespiza,2,2,2,0
genus,Telophorus,3,3,3,0
genus,Temnurus,1,1,1,0
genus,Tephrodornis,4,2,4,2
genus,Tephrophilus,1,1,1,0
genus,Tephrozosterops,1,1,1,0
genus,Tepuiornis,1,1,1,0
genus,Terathopius,1,1,1,0
genus,Terenotriccus,1,1,1,0
genus,Terenura,2,2,2,0
genus,Teretistris,2,2,2,0
genus,Terpsiphone,16,15,16,1
genus,Territornis,3,3,3,0
genus,Tersina,1,1,1,0
genus,Tesia,4,4,4,0
genus,Tetrao,2,2,2,0
genus,Tetraogallus,5,5,5,0
genus,Tetraophasis,2,2,2,0
genus,Tetrastes,2,2,2,0
genus,Tetrax,1,1,1,0
genus,Thalassarche,9,5,9,4
genus,Thalasseus,8,6,8,2
genus,Thalassoica,1,1,1,0
genus,Thalassornis,1,1,1,0
genus,Thalurania,4,4,4,0
genus,Thamnistes,2,1,2,1
genus,Thamnolaea,1,1,1,0
genus,Thamnomanes,4,4,4,0
genus,Thamnophilus,31,30,31,1
genus,Thamnornis,1,1,1,0
genus,Thaumasius,2,2,2,0
genus,Thaumastura,1,1,1,0
genus,Thectocercus,1,1,1,0
genus,Theristicus,4,3,4,1
genus,Thescelocichla,1,1,1,0
genus,Thinocorus,2,2,2,0
genus,Thinornis,7,7,7,0
genus,Thlypopsis,8,8,8,0
genus,Thraupis,7,7,7,0
genus,Threnetes,3,3,3,0
genus,Threskiornis,6,6,6,0
genus,Thripadectes,7,7,7,0
genus,Thripophaga,5,5,5,0
genus,Thryomanes,1,1,1,0
genus,Thryophilus,5,5,5,0
genus,Thryorchilus,1,1,1,0
genus,Thryothorus,1,1,1,0
genus,Tiaris,1,1,1,0
genus,Tichodroma,1,1,1,0
genus,Tickellia,1,1,1,0
genus,Tigriornis,1,1,1,0
genus,Tigrisoma,3,3,3,0
genus,Tilmatura,1,1,1,0
genus,Timalia,1,1,1,0
genus,Timeliopsis,2,2,2,0
genus,Tinamotis,2,2,2,0
genus,Tinamus,5,5,5,0
genus,Tityra,4,4,4,0
genus,Tmetothylacus,1,1,1,0
genus,Tockus,10,5,10,5
genus,Todiramphus,29,20,29,9
genus,Todirostrum,7,7,7,0
genus,Todus,5,5,5,0
genus,Tolmomyias,7,5,7,2
genus,Topaza,2,2,2,0
genus,Torgos,1,1,1,0
genus,Torreornis,1,1,1,0
genus,Touit,8,8,8,0
genus,Toxorhamphus,2,2,2,0
genus,Toxostoma,10,10,10,0
genus,Trachylaemus,2,1,2,1
genus,Trachyphonus,5,4,5,1
genus,Tragopan,5,5,5,0
genus,Traversia,1,1,1,0
genus,Treron,30,23,30,7
genus,Tribonyx,2,2,2,0
genus,Trichodere,1,1,1,0
genus,Trichoglossus,10,8,10,2
genus,Tricholaema,6,6,6,0
genus,Tricholestes,1,1,1,0
genus,Trichothraupis,1,1,1,0
genus,Triclaria,1,1,1,0
genus,Trigonoceps,1,1,1,0
genus,Tringa,13,13,13,0
genus,Trochalopteron,19,14,19,5
genus,Trochilus,2,2,2,0
genus,Trochocercus,2,2,2,0
genus,Troglodytes,18,12,18,6
genus,Trogon,24,19,24,5
genus,Tropicoperdix,3,1,3,2
genus,Trugon,1,1,1,0
genus,Tumbezia,1,1,1,0
genus,Tunchiornis,4,1,4,3
genus,Turacoena,3,2,3,1
genus,Turdinus,3,3,3,0
genus,Turdoides,19,19,19,0
genus,Turdus,106,83,106,23
genus,Turnagra,2,2,2,0
genus,Turnix,17,15,17,2
genus,Turtur,5,5,5,0
genus,Tychaedon,5,5,5,0
genus,Tylas,1,1,1,0
genus,Tympanuchus,3,3,3,0
genus,Tyranneutes,2,2,2,0
genus,Tyranniscus,3,3,3,0
genus,Tyrannopsis,1,1,1,0
genus,Tyrannulus,1,1,1,0
genus,Tyrannus,13,13,13,0
genus,Tyto,18,13,18,5
genus,Upucerthia,4,4,4,0
genus,Upupa,3,2,3,1
genus,Uraeginthus,3,3,3,0
genus,Uranomitra,1,1,1,0
genus,Uratelornis,1,1,1,0
genus,Uria,2,2,2,0
genus,Urile,4,4,4,0
genus,Urochroa,2,1,2,1
genus,Urocissa,5,5,5,0
genus,Urocolius,2,2,2,0
genus,Urocynchramus,1,1,1,0
genus,Urodynamis,1,1,1,0
genus,Uroglaux,1,1,1,0
genus,Urolais,1,1,1,0
genus,Urolestes,1,1,1,0
genus,Uromyias,2,2,2,0
genus,Uropelia,1,1,1,0
genus,Uropsalis,2,2,2,0
genus,Uropsila,1,1,1,0
genus,Urosphena,3,3,3,0
genus,Urosticte,2,2,2,0
genus,Urothraupis,1,1,1,0
genus,Urotriorchis,1,1,1,0
genus,Vanellus,23,23,23,0
genus,Vanga,1,1,1,0
genus,Vauriella,4,4,4,0
genus,Veles,1,1,1,0
genus,Veniliornis,14,14,14,0
genus,Vermivora,3,3,3,0
genus,Verreauxia,1,1,1,0
genus,Vidua,19,19,19,0
genus,Vini,11,11,11,0
genus,Vireo,34,32,34,2
genus,Vireolanius,4,4,4,0
genus,Viridonia,1,1,1,0
genus,Volatinia,1,1,1,0
genus,Vosea,1,1,1,0
genus,Vultur,1,1,1,0
genus,Wetmorethraupis,1,1,1,0
genus,Willisornis,2,2,2,0
genus,Xanthocephalus,1,1,1,0
genus,Xanthomixis,3,3,3,0
genus,Xanthopsar,1,1,1,0
genus,Xanthotis,3,3,3,0
genus,Xema,1,1,1,0
genus,Xenerpestes,2,2,2,0
genus,Xenicus,2,2,2,0
genus,Xenocopsychus,1,1,1,0
genus,Xenodacnis,2,1,2,1
genus,Xenoglaux,1,1,1,0
genus,Xenoligea,1,1,1,0
genus,Xenoperdix,1,1,1,0
genus,Xenopipo,2,2,2,0
genus,Xenopirostris,3,3,3,0
genus,Xenops,5,3,5,2
genus,Xenopsaris,1,1,1,0
genus,Xenornis,1,1,1,0
genus,Xenospingus,1,1,1,0
genus,Xenospiza,1,1,1,0
genus,Xenotriccus,2,2,2,0
genus,Xenus,1,1,1,0
genus,Xiphidiopicus,1,1,1,0
genus,Xiphocolaptes,4,4,4,0
genus,Xipholena,3,3,3,0
genus,Xiphorhynchus,13,12,13,1
genus,Xolmis,2,2,2,0
genus,Yuhina,7,7,7,0
genus,Yungipicus,7,5,7,2
genus,Zanclostomus,1,1,1,0
genus,Zanda,3,3,3,0
genus,Zapornia,15,14,15,1
genus,Zaratornis,1,1,1,0
genus,Zavattariornis,1,1,1,0
genus,Zebrilus,1,1,1,0
genus,Zeledonia,1,1,1,0
genus,Zenaida,7,7,7,0
genus,Zentrygon,8,8,8,0
genus,Zimmerius,13,12,13,1
genus,Zonerodius,1,1,1,0
genus,Zonibyx,1,1,1,0
genus,Zonotrichia,5,5,5,0
genus,Zoonavena,3,3,3,0
genus,Zoothera,22,16,22,6
genus,Zosterops,112,82,112,30
genus,Zosterornis,5,5,5,0
family,Acanthisittidae,4,4,4,0
family,Acanthizidae,66,59,66,7
family,Accipitridae,254,241,254,13
family,Acrocephalidae,61,60,61,1
family,Aegithalidae,12,10,12,2
family,Aegithinidae,4,4,4,0
family,Aegothelidae,10,9,10,1
family,Alaudidae,98,88,98,10
family,Alcedinidae,117,90,117,27
family,Alcidae,25,25,25,0
family,Anatidae,174,162,174,12
family,Anhimidae,3,3,3,0
family,Anhingidae,4,4,4,0
family,Anseranatidae,1,1,1,0
family,Apodidae,108,93,108,15
family,Apterygidae,5,5,5,0
family,Aramidae,1,1,1,0
family,Ardeidae,74,67,74,7
family,Artamidae,24,24,24,0
family,Atrichornithidae,2,2,2,0
family,Balaenicipitidae,1,1,1,0
family,Bernieridae,11,11,11,0
family,Bombycillidae,3,3,3,0
family,Brachypteraciidae,5,5,5,0
family,Bucconidae,37,36,37,1
family,Bucerotidae,64,55,64,9
family,Buphagidae,2,2,2,0
family,Burhinidae,10,9,10,1
family,Cacatuidae,22,21,22,1
family,Calcariidae,6,6,6,0
family,Callaeidae,5,4,5,1
family,Calyptomenidae,6,6,6,0
family,Calyptophilidae,2,2,2,0
family,Campephagidae,108,84,108,24
family,Capitonidae,15,15,15,0
family,Caprimulgidae,98,91,98,7
family,Cardinalidae,54,48,54,6
family,Cariamidae,2,2,2,0
family,Casuariidae,4,4,4,0
family,Cathartidae,7,7,7,0
family,Certhiidae,9,9,9,0
family,Cettiidae,31,30,31,1
family,Chaetopidae,2,1,2,1
family,Charadriidae,69,67,69,2
family,Chionidae,2,2,2,0
family,Chloropseidae,12,11,12,1
family,Ciconiidae,20,19,20,1
family,Cinclidae,5,5,5,0
family,Cinclosomatidae,12,10,12,2
family,Cisticolidae,166,138,166,28
family,Climacteridae,7,7,7,0
family,Cnemophilidae,3,3,3,0
family,Coliidae,6,6,6,0
family,Columbidae,352,316,352,36
family,Conopophagidae,12,10,12,2
family,Coraciidae,13,12,13,1
family,Corcoracidae,2,2,2,0
family,Corvidae,138,123,138,15
family,Cotingidae,66,65,66,1
family,Cracidae,57,54,57,3
family,Cuculidae,157,141,157,16
family,Dasyornithidae,3,3,3,0
family,Dicaeidae,56,44,56,12
family,Dicruridae,28,22,28,6
family,Diomedeidae,21,13,21,8
family,Donacobiidae,1,1,1,0
family,Dromadidae,1,1,1,0
family,Dulidae,1,1,1,0
family,Elachuridae,1,1,1,0
family,Emberizidae,44,41,44,3
family,Erythrocercidae,3,3,3,0
family,Estrildidae,140,129,140,11
family,Eulacestomatidae,1,1,1,0
family,Eupetidae,1,1,1,0
family,Eurylaimidae,10,8,10,2
family,Eurypygidae,1,1,1,0
family,Falconidae,65,64,65,1
family,Falcunculidae,3,3,3,0
family,Formicariidae,12,12,12,0
family,Fregatidae,5,5,5,0
family,Fringillidae,238,220,238,18
family,Furnariidae,321,294,321,27
family,Galbulidae,18,18,18,0
family,Gaviidae,5,5,5,0
family,Glareolidae,17,17,17,0
family,Grallariidae,70,53,70,17
family,Gruidae,15,15,15,0
family,Haematopodidae,12,11,12,1
family,Heliornithidae,3,3,3,0
family,Hemiprocnidae,4,4,4,0
family,Hirundinidae,92,83,92,9
family,Hydrobatidae,18,15,18,3
family,Hyliidae,2,2,2,0
family,Hyliotidae,4,3,4,1
family,Hylocitreidae,1,1,1,0
family,Hypocoliidae,1,1,1,0
family,Ibidorhynchidae,1,1,1,0
family,Icteridae,108,105,108,3
family,Ifritidae,1,1,1,0
family,Indicatoridae,16,16,16,0
family,Irenidae,3,2,3,1
family,Jacanidae,8,8,8,0
family,Laniidae,34,33,34,1
family,Laridae,106,98,106,8
family,Leiothrichidae,143,123,143,20
family,Leptosomidae,1,1,1,0
family,Locustellidae,67,56,67,11
family,Lybiidae,44,41,44,3
family,Machaerirhynchidae,2,2,2,0
family,Macrosphenidae,18,18,18,0
family,Malaconotidae,50,46,50,4
family,Maluridae,33,29,33,4
family,Megalaimidae,35,29,35,6
family,Megapodiidae,21,21,21,0
family,Melampittidae,2,2,2,0
family,Melanocharitidae,12,10,12,2
family,Melanopareiidae,4,4,4,0
family,Meliphagidae,195,178,195,17
family,Menuridae,2,2,2,0
family,Meropidae,31,27,31,4
family,Mesitornithidae,3,3,3,0
family,Mimidae,35,34,35,1
family,Mitrospingidae,4,4,4,0
family,Modulatricidae,3,3,3,0
family,Mohoidae,5,5,5,0
family,Mohouidae,3,2,3,1
family,Momotidae,14,13,14,1
family,Monarchidae,105,94,105,11
family,Motacillidae,70,66,70,4
family,Muscicapidae,355,303,355,52
family,Musophagidae,23,23,23,0
family,Nectariniidae,152,134,152,18
family,Neosittidae,3,3,3,0
family,Nicatoridae,3,3,3,0
family,Notiomystidae,1,1,1,0
family,Numididae,8,6,8,2
family,Nyctibiidae,7,7,7,0
family,Oceanitidae,10,8,10,2
family,Odontophoridae,34,33,34,1
family,Onychorhynchidae,7,5,7,2
family,Opisthocomidae,1,1,1,0
family,Oreoicidae,3,3,3,0
family,Oriolidae,41,35,41,6
family,Orthonychidae,3,3,3,0
family,Otididae,26,26,26,0
family,Oxyruncidae,1,1,1,0
family,Pachycephalidae,63,48,63,15
family,Pandionidae,1,1,1,0
family,Panuridae,1,1,1,0
family,Paradisaeidae,45,41,45,4
family,Paradoxornithidae,38,31,38,7
family,Paramythiidae,3,2,3,1
family,Pardalotidae,4,4,4,0
family,Paridae,62,58,62,4
family,Parulidae,120,108,120,12
family,Passerellidae,141,127,141,14
family,Passeridae,43,37,43,6
family,Pedionomidae,1,1,1,0
family,Pelecanidae,8,8,8,0
family,Pellorneidae,67,53,67,14
family,Petroicidae,51,48,51,3
family,Peucedramidae,1,1,1,0
family,Phaenicophilidae,9,9,9,0
family,Phaethontidae,3,3,3,0
family,Phalacrocoracidae,34,30,34,4
family,Phasianidae,187,178,187,9
family,Philepittidae,4,4,4,0
family,Phoenicopteridae,6,6,6,0
family,Phoeniculidae,8,8,8,0
family,Phylloscopidae,81,75,81,6
family,Picathartidae,2,2,2,0
family,Picidae,239,215,239,24
family,Pipridae,55,48,55,7
family,Pittidae,46,29,46,17
family,Pityriasidae,1,1,1,0
family,Platylophidae,1,1,1,0
family,Platysteiridae,32,29,32,3
family,Ploceidae,122,115,122,7
family,Pluvianellidae,1,1,1,0
family,Pluvianidae,1,1,1,0
family,Pnoepygidae,4,4,4,0
family,Podargidae,16,13,16,3
family,Podicipedidae,22,22,22,0
family,Polioptilidae,22,15,22,7
family,Pomatostomidae,5,5,5,0
family,Procellariidae,100,86,100,14
family,Promeropidae,2,2,2,0
family,Prunellidae,12,12,12,0
family,Psittacidae,181,167,181,14
family,Psittaculidae,202,187,202,15
family,Psophiidae,3,3,3,0
family,Psophodidae,5,5,5,0
family,Pteroclidae,16,16,16,0
family,Ptiliogonatidae,4,4,4,0
family,Ptilonorhynchidae,24,19,24,5
family,Pycnonotidae,162,129,162,33
family,Rallidae,153,140,153,13
family,Ramphastidae,38,34,38,4
family,Recurvirostridae,10,7,10,3
family,Regulidae,6,6,6,0
family,Remizidae,11,10,11,1
family,Rhagologidae,1,1,1,0
family,Rheidae,2,2,2,0
family,Rhinocryptidae,65,56,65,9
family,Rhipiduridae,65,47,65,18
family,Rhodinocichlidae,1,1,1,0
family,Rhynochetidae,1,1,1,0
family,Rostratulidae,3,3,3,0
family,Sagittariidae,1,1,1,0
family,Salpornithidae,2,2,2,0
family,Sapayoidae,1,1,1,0
family,Sarothruridae,15,14,15,1
family,Scolopacidae,98,94,98,4
family,Scopidae,1,1,1,0
family,Scotocercidae,1,1,1,0
family,Semnornithidae,2,2,2,0
family,Sittidae,29,25,29,4
family,Spheniscidae,19,16,19,3
family,Steatornithidae,1,1,1,0
family,Stenostiridae,9,9,9,0
family,Stercorariidae,7,7,7,0
family,Strigidae,236,196,236,40
family,Strigopidae,4,4,4,0
family,Struthionidae,2,2,2,0
family,Sturnidae,125,114,125,11
family,Sulidae,11,10,11,1
family,Sylviidae,32,30,32,2
family,Teretistridae,2,2,2,0
family,Thamnophilidae,240,229,240,11
family,Thinocoridae,4,4,4,0
family,Thraupidae,394,371,394,23
family,Threskiornithidae,36,35,36,1
family,Tichodromidae,1,1,1,0
family,Timaliidae,58,46,58,12
family,Tinamidae,46,46,46,0
family,Tityridae,36,34,36,2
family,Todidae,5,5,5,0
family,Trochilidae,366,335,366,31
family,Troglodytidae,96,82,96,14
family,Trogonidae,47,42,47,5
family,Turdidae,195,160,195,35
family,Turnicidae,18,16,18,2
family,Tyrannidae,444,417,444,27
family,Tytonidae,20,15,20,5
family,Upupidae,3,2,3,1
family,Urocynchramidae,1,1,1,0
family,Vangidae,40,36,40,4
family,Viduidae,20,20,20,0
family,Vireonidae,65,60,65,5
family,Zeledoniidae,1,1,1,0
family,Zosteropidae,151,118,151,33
order,ACCIPITRIFORMES,263,250,263,13
order,AEGOTHELIFORMES,10,9,10,1
order,ANSERIFORMES,178,166,178,12
order,APODIFORMES,478,432,478,46
order,APTERYGIFORMES,5,5,5,0
order,BUCEROTIFORMES,75,65,75,10
order,CAPRIMULGIFORMES,98,91,98,7
order,CARIAMIFORMES,2,2,2,0
order,CASUARIIFORMES,4,4,4,0
order,CHARADRIIFORMES,394,374,394,20
order,CICONIIFORMES,20,19,20,1
order,COLIIFORMES,6,6,6,0
order,COLUMBIFORMES,352,316,352,36
order,CORACIIFORMES,185,152,185,33
order,CUCULIFORMES,157,141,157,16
order,EURYPYGIFORMES,2,2,2,0
order,FALCONIFORMES,65,64,65,1
order,GALLIFORMES,307,292,307,15
order,GAVIIFORMES,5,5,5,0
order,GRUIFORMES,190,176,190,14
order,LEPTOSOMIFORMES,1,1,1,0
order,MESITORNITHIFORMES,3,3,3,0
order,MUSOPHAGIFORMES,23,23,23,0
order,NYCTIBIIFORMES,7,7,7,0
order,OPISTHOCOMIFORMES,1,1,1,0
order,OTIDIFORMES,26,26,26,0
order,PASSERIFORMES,6758,6020,6758,738
order,PELECANIFORMES,120,112,120,8
order,PHAETHONTIFORMES,3,3,3,0
order,PHOENICOPTERIFORMES,6,6,6,0
order,PICIFORMES,444,406,444,38
order,PODARGIFORMES,16,13,16,3
order,PODICIPEDIFORMES,22,22,22,0
order,PROCELLARIIFORMES,149,122,149,27
order,PSITTACIFORMES,409,379,409,30
order,PTEROCLIFORMES,16,16,16,0
order,RHEIFORMES,2,2,2,0
order,SPHENISCIFORMES,19,16,19,3
order,STEATORNITHIFORMES,1,1,1,0
order,STRIGIFORMES,256,214,256,42
order,STRUTHIONIFORMES,2,2,2,0
order,SULIFORMES,54,49,54,5
order,TINAMIFORMES,46,46,46,0
order,TROGONIFORMES,47,42,47,5
